,key,$\Delta$dipole,RMSD,$\Delta$R0,$\Delta$R1,$\Delta$R2
669,1252,6.967082083794537,0.16659364246635341,0.07025391239688714,1.135333743168332,0.4834525578678325
1,1785,7.082463791088555,0.15654134610531512,0.06547158747088276,1.122026127721759,0.47405914989161174
747,1432,6.93363460727603,0.13206514141847428,0.0636101078729384,1.1180056741212285,0.44731441395930116
248,1492,6.956244719358742,0.11893168676708987,0.06332267830805012,1.1230287720046488,0.4293686868471993
737,1688,7.084761752295895,0.15867435825366644,0.06287583710294978,1.146552955266786,0.44483440936884167
34,1690,2.672114138247056,0.19459633667360068,0.06221664370728273,0.2806146518260546,0.5863353067219976
418,1319,6.961820041226431,0.13995996465976446,0.06185698235008025,1.1124628179030156,0.4633490744079404
649,1440,2.6580309869646257,0.1534578497305035,0.06030947411862227,0.29400323705774234,0.5826902688159621
607,1542,2.711522795457095,0.11953421421653378,0.05945405256307866,0.28430576516514633,0.5800511945314992
327,1602,2.7496103952571556,0.16318976197831964,0.059121854788500794,0.2955138580165488,0.608932763002241
132,1638,2.7014198527008113,0.15270306222763533,0.05876785535582102,0.294735529561344,0.6088084598857101
872,1301,6.969567766768708,0.12416213987543237,0.058238606153014454,1.1178486679728017,0.4195557887562563
356,1452,7.03072553220631,0.1688719534683992,0.05671283448073505,1.1398996357879416,0.5134162957912848
686,1610,0.620415616744056,0.10780480069411087,0.056646920603462304,0.09671461898690312,0.23444221197948342
848,1707,6.994746450861172,0.1511815154795283,0.0556872713240016,1.1358704492875045,0.4538906500662325
144,1734,2.635451001858144,0.11224957374564225,0.05506189452154059,0.24202730006013043,0.5696053034286381
767,1700,7.066708663894375,0.15042868328865053,0.05453123255024741,1.139433668900562,0.4393594326655265
166,1258,2.396452460727622,0.13570828717079025,0.05447463544027301,0.24971904960804647,0.5796607067288095
688,1295,2.6447473496502902,0.11649246282940602,0.05444933430786472,0.24374265136857343,0.570118206487524
840,1314,0.3995646704139198,0.15962649797738288,0.05314102845387991,0.07370635822553992,0.17175795749243367
784,1300,2.6819895567005934,0.11751257441214367,0.05306455461155053,0.2746972511878087,0.5806666770702601
634,1505,2.5354826727664657,0.12832312070606908,0.05241301244120996,0.2606424420734458,0.5838995381108723
691,1209,2.862025971576627,0.15937275380391405,0.05217448474912237,0.29241057115025326,0.5645128204434108
670,1218,2.5339940717963927,0.16006480815999516,0.05073390344613278,0.23014587993562324,0.5875594590497397
878,1757,7.037490726330051,0.1887692765355688,0.050659109927174206,1.1432898265169218,0.4337912216927878
739,1283,6.981699902770258,0.14629939944544346,0.05057437880872012,1.1266562308018424,0.48272759055732894
170,1490,0.31806994881613815,0.15977741092991832,0.050471950092536966,0.09591163877138942,0.3295171327929188
25,1736,2.7886851649147326,0.11955791956073489,0.04982617998926577,0.2818677451979629,0.5688977156687993
92,1368,7.00763036017316,0.14357320914000254,0.048496954781465915,1.1203839011568233,0.4496191718990455
121,1483,7.038338713619759,0.16746031247419682,0.04840329655007117,1.1555897258393972,0.44524315775449647
621,1641,7.013388206318982,0.14251384499383907,0.048008009486327205,1.1364763666626598,0.43368134683067605
370,1721,2.476114309840695,0.13893704354235725,0.04742312687501246,0.26811081452614793,0.5789105238778368
111,1236,6.968294576963217,0.11538673315498646,0.04703511016893489,1.1006366731483122,0.44197624378858397
360,1351,7.021238368055286,0.14475217928572098,0.04687442721452456,1.1350057750939875,0.4751218943661765
772,1320,7.04108599771772,0.15519226551565354,0.0466513785951805,1.1258987290254376,0.46270286951162964
819,1593,7.032821190007629,0.14689648134766686,0.04658586762400017,1.1356961958740903,0.48947726859239116
764,1540,7.044918501790436,0.13810428627245178,0.04658388201293415,1.1489260057837711,0.44981455991016617
403,1744,6.962261243685146,0.126935291659718,0.04645924759871804,1.1408715285812927,0.43356599802749624
276,1357,6.993416231294483,0.14786436310753098,0.046284376022755286,1.1260952157547341,0.4609499226530882
527,1664,2.6106018927968693,0.10558911715856042,0.04564688010859159,0.23690479285535926,0.5699564477221172
60,1397,6.950465776768144,0.10709053924446706,0.04560356657743811,1.137965604678995,0.45170367035986625
312,1304,2.433486799603176,0.15324325734966626,0.04535787070464577,0.227638755170795,0.5973437487079021
640,1796,7.068925989965088,0.1085068674191351,0.045310772990476846,1.1426561340807475,0.44516674073115686
379,1373,7.056696176073292,0.13880358926679445,0.045263771418102484,1.151898116667836,0.4532327477996312
500,1291,7.038248004235884,0.15155434495038206,0.04524916274056138,1.1539701184223428,0.45591101656549693
339,1360,7.018802331109181,0.17882489134148213,0.04520359081332211,1.135212809743809,0.5082326540918575
544,1673,7.035123923937034,0.14349279115958388,0.04510224368741164,1.1269861074687537,0.4600243361105748
289,1409,2.918050336050306,0.16994834009576879,0.045081300082846214,0.285868609510435,0.5950184075862917
145,1566,7.0611724860523655,0.11149471536479182,0.04506193256795299,1.1152630533736843,0.4437816867300861
187,1709,2.939700604478243,0.14835016433808845,0.04498313751075584,0.3048956274804566,0.5675710616543554
561,1379,0.5075213116685766,0.122806711217383,0.04491608520361855,0.0686194044228782,0.20485600320719183
437,1689,7.003967464021071,0.15352026321194148,0.04461555472399487,1.128872200875651,0.46824366175030546
110,1412,6.955461192319808,0.12291634816232118,0.0445346965625284,1.1162102095873234,0.4263476193367299
380,1792,0.4646931287704803,0.14842128978642843,0.04446666702040485,0.07234042785939722,0.24718781471674217
76,1391,7.004058255121169,0.15882245520074345,0.04432130635699905,1.1445298565387303,0.4365906499776777
513,1225,6.990728930715148,0.1522830068300571,0.0442374900180227,1.1374101520823265,0.4655650430906785
89,1459,2.455481701472088,0.12947958162927425,0.044139923348247984,0.2607246999900839,0.583768801307562
183,1462,7.003994809010028,0.16791150527206514,0.043861250613183723,1.1563713969632703,0.4466558551456051
699,1478,7.01988940220495,0.11788185665454369,0.043493904796219986,1.123457818488144,0.4476461325247883
369,1746,3.287796941655524,0.16755807322397562,0.04332124477772888,0.31613563897767366,0.5432243762476824
616,1622,0.42064354925997055,0.1163833919538097,0.04295484896909642,0.07314047653032402,0.20752138325062394
51,1446,6.976737198564474,0.160984021006134,0.04260187326809813,1.1342991524741444,0.44983016971212975
662,1501,0.49505870271850516,0.14796253719611543,0.04254879120857663,0.10502343205177411,0.3079637619368406
150,1599,7.010853645026301,0.12913413885083494,0.04215884046369505,1.1253808410648187,0.43902471079289174
565,1311,0.20232385090856098,0.14823896092222605,0.041711293550444804,0.051346133882541514,0.1878441017342936
181,1238,2.382063066216183,0.12212710794441939,0.041570190565514115,0.24713595039961075,0.5988635338369604
240,1466,2.4396600831382216,0.15753653037698334,0.041405970472144525,0.23987691791238402,0.6106441685597049
137,1643,2.9174300794728083,0.12277072169307669,0.0412099945406239,0.2963837528103826,0.5866530637232578
335,1563,6.966251716793749,0.11309136416105092,0.04110078403375556,1.1320981489232285,0.42369029147945125
786,1562,7.070642184301862,0.1343256241670023,0.04102879528667405,1.1454977954744812,0.4424234990015244
277,1581,6.965500232662531,0.1477481450950937,0.0410156145580568,1.129304060620753,0.46233248689889356
610,1767,0.32126551331922887,0.15231769743834148,0.04100328133685361,0.058771138401988755,0.17079103744942709
229,1262,2.4697197065164738,0.10933706134685327,0.040974513827152975,0.23039483932305502,0.5841646118754676
315,1210,2.7885958316340167,0.11316352186415471,0.040780091766895114,0.28079190371860147,0.5771528468196213
480,1668,0.2679515003806487,0.11183074805114038,0.04049579663876704,0.07008479138480149,0.16962475206276625
99,1742,0.6651655114022983,0.15591651619514443,0.040461855767611,0.0766833045532322,0.22453390514917607
128,1214,2.90081486321428,0.12003498527775094,0.04043075828579451,0.2701406686354612,0.5607509701065649
440,1597,7.051126323888563,0.11482479382815337,0.04031837425792281,1.1471109185546746,0.434969174500584
112,1469,7.062871617774145,0.1280495669463234,0.04024340032018466,1.126604689549231,0.44448874780652414
483,1420,0.17482146283366515,0.1545405681545147,0.04021901557952346,0.07783035652959729,0.19296622351458007
463,1318,6.990714025550105,0.10562688200055495,0.040144664189405946,1.1445753551247895,0.4289573793391946
668,1727,2.7729699963650893,0.18444700228781052,0.04008167094703597,0.2803088621583842,0.5554518384520276
300,1694,2.906648664270681,0.15951430154736576,0.04002272768634517,0.29564386005053794,0.536972790519001
433,1416,2.8626541230883005,0.16182912393165239,0.03991113912846134,0.2988508968942512,0.5838229853480487
551,1642,2.6398158218392873,0.11684267279722828,0.03990847796730724,0.2746384721139821,0.5661279375611644
87,1382,6.97326418166906,0.11874282792598398,0.039783683417571686,1.1273568574548456,0.42616090568992343
515,1204,7.055642267699925,0.14130942356740642,0.039494366608817465,1.1377691306867592,0.45868627825004005
652,1787,2.389846856815056,0.1657302619572583,0.03948431273249238,0.2596577334568224,0.6089492072517416
812,1650,7.045665870464446,0.11203317738882423,0.03922095018672398,1.1410609749654987,0.4418412237691701
558,1565,2.4539216462843516,0.13995706353664877,0.03919644668264878,0.2571820624338443,0.5669846272731085
496,1366,7.043724307639912,0.14870453699586975,0.03917773982781462,1.1505098266295801,0.45492254397614473
455,1419,3.2364172667174107,0.1629997723449906,0.03911496003666326,0.30980735361529516,0.5416107704382104
583,1430,2.740030907358997,0.1094197982392855,0.0390469354468503,0.2808189756810258,0.5611914059225955
746,159,2.627762528469135,0.07656188987841533,0.03897624589960481,0.2600459057210761,0.5588674872737034
45,1733,1.2159790883830472,0.16705644492048705,0.03886688571590567,0.15771437506212166,0.46287850299622585
682,1533,6.981520731213172,0.11402691846564127,0.03874767647410864,1.146829975364368,0.43911965068438863
842,1474,7.005705831993698,0.15892416651809768,0.038680278639126556,1.1580196515175494,0.44474185591344056
410,1576,6.980040881289675,0.10605808617694426,0.03862688071900949,1.1164779738636172,0.43067600448283017
122,1640,3.2725693673005845,0.14063778567730223,0.03852345967357021,0.2950441186408297,0.5056832766833531
236,1636,7.033176567494887,0.159826996001799,0.03851802904218951,1.12920362721858,0.4703969137148381
21,1266,0.2297428701036706,0.13685446203408486,0.0382626971054789,0.07222807171413544,0.14517938256036192
525,1545,3.3963279514194378,0.14613032626807104,0.038240260341560306,0.30680877659687783,0.4572605053295362
295,1349,6.9857666534582155,0.12101340626712487,0.03809801579098453,1.1047843505697053,0.44116349167023705
512,1666,7.001968178526213,0.11008029388332753,0.0378163391732484,1.1345701276749562,0.45858693908350967
481,1447,7.008332275643374,0.08950090310246135,0.03776275429361511,1.1208894211224514,0.4305472982042893
637,1436,7.062957478387346,0.11116489951141592,0.03770631904188874,1.1396309113628453,0.45942516801783573
529,1444,0.8159150627348042,0.16197070861344282,0.03768222011341589,0.10772969855447602,0.34194240767905343
394,1394,2.8814304170069063,0.15849059324814738,0.037677233694054534,0.2718081230584309,0.569451403002688
311,1232,3.0055659473433662,0.11693586437492369,0.037622085065928276,0.2709140263347745,0.545578146756046
753,1564,6.997916877005905,0.15446313263630984,0.037611343234012204,1.1300925947240605,0.4538931917576782
752,1686,7.026712501928175,0.11298556219213031,0.03753073893324754,1.1347428742546533,0.44344696861939276
586,1240,2.3432952567099976,0.11001730569323157,0.03748753926380484,0.24367881068613645,0.5753244941752503
309,1764,2.503637304983113,0.1414225530730667,0.03745035513215623,0.24283457210621082,0.6007610535734844
475,1443,7.0786685359387675,0.161154504640805,0.0374406575937418,1.1399636860667361,0.46365254267035894
191,1548,0.22598885322890347,0.15754073247278325,0.03742380308638492,0.0729092297210746,0.3103227636723422
151,1256,6.986318727959623,0.10270351353390281,0.03741258388518959,1.129312890710997,0.4431993349221525
516,1703,2.814014011134719,0.1443621795978646,0.0374105629787691,0.2732951128479082,0.5848703850707239
155,1435,6.976338900354502,0.14050003320404594,0.03738302711228608,1.1278192033027898,0.4431688528997728
736,1425,7.068426786851434,0.14193422715851312,0.03734122294573532,1.1257509953974982,0.480893067512983
531,1251,7.022804742627787,0.1311118133080028,0.037257043232543176,1.1325787350139793,0.4664575461761134
7,1600,0.5410602092086685,0.09462609841738938,0.03725585153862737,0.07095204755169103,0.2046686260692026
667,1606,6.981961593964374,0.11841602745504655,0.037077204193950476,1.1404079580899666,0.4472331511301766
478,1277,2.399051896300018,0.13548961410781288,0.03701493663712504,0.2476597535041764,0.584508681707907
705,1675,2.7554864797380176,0.1153434286120838,0.03692632532432147,0.2546526730196073,0.5645781657454223
594,1298,6.977236718118599,0.12168236115811912,0.03688339654135394,1.1055274269156923,0.4626204801518039
871,1482,7.057996974956634,0.15734221347114585,0.03684113437643092,1.1364957818999837,0.46481896550967056
555,1221,2.5067472612620327,0.11702818272042932,0.03681042522352736,0.22928175876543444,0.5793069413612557
342,1353,0.22769245062301433,0.1602458485409277,0.03648777057205949,0.05318948727583037,0.1918198459336846
863,1267,0.5903723592000754,0.11608646999984923,0.03647443426606381,0.08410034800128427,0.19935384115424812
552,1624,2.6719543962097863,0.09795597351061519,0.036451012277726645,0.24706223281416068,0.5678596689497784
397,1574,6.972258727628921,0.16369968179974967,0.036401229228029464,1.1119789304396057,0.44879595408779394
396,1261,2.7230636570332325,0.146040303617986,0.03618207344757327,0.28102879344436826,0.5686580900477748
46,1433,2.384050476876096,0.0848882515016654,0.03612353166976193,0.24226245238405725,0.5689316614306913
674,1737,0.23740300821688928,0.14378423258945094,0.03607015839904173,0.0579183457237305,0.2173187280940229
413,1481,2.433768279220559,0.10002751097234987,0.03597517366192654,0.2460270112174598,0.5611858427229771
109,1723,0.8090054964718485,0.1259392087505856,0.03595812553414245,0.09700862482713278,0.2783000182358571
230,1558,2.842935891827557,0.17870105716676246,0.03594004819743216,0.2973461541126985,0.6116515600136048
590,1327,2.589985502877203,0.08136278839385438,0.0359184708850455,0.24048759347916665,0.5666638927363825
617,119,6.986912592169859,0.06393459373126721,0.03559419206783355,1.1188403669985303,0.42742557693425604
36,1653,7.007234831881469,0.12782558303097025,0.035572794260493104,1.1295584564822312,0.48149291574346154
142,1518,7.009200725544119,0.11929111034777327,0.03553221868026073,1.1184822837248367,0.458595137030982
399,1692,3.3854963026746607,0.1556410721857494,0.03545321918484418,0.32779655297285537,0.48770451645404833
749,1595,7.084485557148753,0.14005019034776645,0.03545031827111938,1.1407215444417802,0.43968271708685125
265,1215,7.076704260832715,0.12074525470452153,0.035413828472080085,1.1346175286105509,0.4509422353720198
278,1789,2.7172026156015465,0.11662842343251185,0.03540656011819439,0.2610029489677183,0.5869359497290586
363,1272,0.6813093411748866,0.10957459203306558,0.035389226208548744,0.09175141848786068,0.2966928557155456
712,1395,2.729942341948415,0.13506734859581315,0.03519819199662941,0.26249625859991316,0.5730348256397539
219,1278,7.011533641389457,0.1209040812779948,0.03504395058088627,1.141156911677479,0.4551590169224056
639,1245,6.979573390795262,0.1489312807618076,0.03493066047865615,1.148481260720752,0.4591959635956197
477,1633,7.0056538835724425,0.13061011338401413,0.034857260175335414,1.128806111513239,0.4398582359985822
113,1264,7.050857542582401,0.14806727239935324,0.034804095982124736,1.1163822944810267,0.45035952681542857
292,1057,0.7519554468341965,0.06052177343817345,0.03479226253549118,0.08438801455696424,0.23716729972985937
296,1322,7.029536664822983,0.1497697017924221,0.0347012842860753,1.130483708887421,0.4896022657462196
719,1208,7.02713685551928,0.12442267493864377,0.034399047387635905,1.1488658489819048,0.4486783852415732
357,1408,2.632637342474878,0.13753835615045543,0.034306504125588444,0.2600022180626692,0.5986753451334652
81,1367,3.437191590716961,0.1591811240476087,0.03413668010650127,0.3410596111843765,0.4344922288627535
663,1437,6.989800251635377,0.12708156322062095,0.03412958679927752,1.1140494947300648,0.45541648586254163
361,1407,6.9667257287030315,0.12283611543051956,0.03399113021913434,1.1319787001761166,0.438227119425943
152,1243,2.6631090362928873,0.1252483976383757,0.033970492808445954,0.26997364421937975,0.5833726367851069
698,1195,7.0271314594575225,0.09666185521150435,0.033905524066933784,1.1426760481635871,0.42721936723737475
574,1250,7.025243442077462,0.11595012246565653,0.03383703249306107,1.1326743181519028,0.4525020482975155
453,1331,2.572368945907692,0.11035107250458859,0.033781681896516966,0.23963980806982774,0.5795067012982658
800,1399,0.786973302789273,0.1337735994857173,0.03353483547867786,0.09696449181792888,0.28942232446584404
232,1487,7.02161061975234,0.10428521312436671,0.03346594952530251,1.1276537362887462,0.4335792744053198
38,1652,6.988221872378789,0.17678010650024853,0.03332370369576514,1.1461396688313612,0.43576698960541704
66,1500,6.9835080631729385,0.13584184234661384,0.03326909618705477,1.1069560563571395,0.45006855030918586
666,1229,6.968361670623902,0.12984482014086904,0.03322520719326687,1.146216059390061,0.43155267930688385
773,1527,7.044564079655207,0.146383078816734,0.03319274776851957,1.1349271002391725,0.4480818158147893
316,1535,0.6214371242810625,0.11678731111302165,0.0331763462017899,0.0889383084844295,0.22216960121446347
783,1290,7.016134087840384,0.13328697931855868,0.03316003675976857,1.1223769625206095,0.46456925502578506
808,1293,7.04004819663375,0.14282583358112222,0.03296208194619013,1.1470189399436468,0.4516867348432972
163,1783,6.996951275845356,0.11409062841754383,0.03285494725694906,1.136382899261445,0.42359659209871947
344,1305,3.414950293235923,0.16233695131191864,0.03285387383985928,0.3362997661285805,0.4401073339630535
96,1662,6.964326631250264,0.11562355312817012,0.03284904564742811,1.1229696433385887,0.416498009551258
869,1496,6.986866004544877,0.09346119409165393,0.03283532462241246,1.113991716326275,0.45211998000510617
743,1244,2.5548149255620616,0.14515474955091887,0.03280839443971402,0.2597876736649663,0.5700628053896422
422,1504,2.5437568892612,0.15052559966784362,0.03266364333955646,0.2410060603428925,0.5762610605472834
761,1400,2.413243448918192,0.12469814082631865,0.032629052270961155,0.24702652785124748,0.5820966170765945
382,148,7.039723348389677,0.07998801873314375,0.032579788500914676,1.1358930987186608,0.42610639887930785
22,1772,7.0112920916298,0.1648157422546968,0.03254370660359863,1.1211822738664097,0.5028585561711324
492,1572,3.502876321272827,0.1798233761696447,0.03253703384273123,0.33341715646527426,0.42639396987121214
849,1255,2.5654895782785405,0.1569360120477823,0.0324912576916374,0.2581659685517618,0.6029868712460879
30,1313,2.664635490092529,0.15946007615046617,0.03248837240865579,0.2743149765169974,0.6026161965979661
139,1617,6.983772486299904,0.15556851521084675,0.032426533644701765,1.1161515956678478,0.44404080239844473
415,120,7.027055322272986,0.06291508492466309,0.03239870187051471,1.130805596927513,0.4258740616793857
154,1659,2.661963423200278,0.1291941344735185,0.032218077232732505,0.2748301570982935,0.5721593262705302
596,1246,6.988133409315441,0.10718514144114044,0.0322153860884723,1.1055227052775438,0.45255194727579473
364,1644,2.478192603775574,0.13079198138974188,0.03211499054184497,0.22934115556024548,0.5754060490177809
711,1260,3.3619064996237045,0.10885416962771224,0.03211369290025155,0.32952963489437714,0.4012832417767777
855,1428,7.014763489444607,0.1325356463298636,0.032074305439260306,1.13693804685896,0.4800656884891294
851,1561,2.5137947109445022,0.16250079627259092,0.03204461263652953,0.23187788246714247,0.5971746026982426
708,1154,6.995978849894563,0.10537298786611586,0.03193168618746813,1.1176513440241218,0.4396473175827149
793,1335,7.017632591759716,0.1232235960725494,0.031916595954914584,1.1105711583287685,0.46497129738331155
703,1628,7.008820786641571,0.13318381360502252,0.031710729835913276,1.1396660257020759,0.4608108781160995
834,1755,0.2788993991832318,0.13298312819752367,0.031653983724185056,0.08196157236957265,0.16726817710269629
868,1230,2.981398957066067,0.13737729100354198,0.03162557887762294,0.29668726693642017,0.5784013044034738
280,1647,7.0302030934394395,0.13312433774022997,0.03159061983282876,1.1387124799706023,0.450761563656734
146,1398,7.000385723291311,0.10541487728407684,0.0315829509417685,1.1478317516685657,0.44071852762905867
833,1235,6.986241092678786,0.14210128909498146,0.03149751752529186,1.1061698491672556,0.444911697709682
841,1237,6.9957793974077696,0.14289698885250984,0.03135783643617945,1.137260969792163,0.47348125815837994
50,1387,2.591819866726778,0.13768540567510934,0.031239762641169875,0.2587393573007703,0.5934243046374258
575,1206,2.7868621719629108,0.15137514027605692,0.031172274018981507,0.28428522879307533,0.5909452287077136
323,1575,0.46589495562108496,0.134498723257878,0.03113471456614783,0.07339042830552325,0.23334026564669275
533,1219,2.55140894378724,0.11609375747731472,0.03109291597689767,0.23593305987658134,0.5700464317526327
623,114,2.313953602077876,0.08868144161784236,0.031065328604600314,0.22441805275366372,0.5536818186286905
824,1523,7.049036972233333,0.16826172850664978,0.031045249778267867,1.1446791836242798,0.4513253365682908
452,1316,7.018990525837661,0.12623573037372798,0.031002150397310867,1.1511666148425923,0.4470318105786069
167,1217,0.5899932127216574,0.1334911934937287,0.03092607790270844,0.10904087538542714,0.2909934528022946
62,1740,0.31584666881095835,0.16110782488486253,0.03087353825921085,0.05252129982030135,0.2740030876533282
193,1485,2.502273755541134,0.10266446909570112,0.030625987782811098,0.23801032967158134,0.5798493412011472
792,1589,6.978091292931799,0.13597843989073846,0.030540988068014713,1.1302703171268202,0.4648089325723078
270,1401,3.2993005906237043,0.12068916384089748,0.030533873662040453,0.32100690119792974,0.45528736008654935
314,1678,7.044307007028009,0.13998828347589212,0.03048611210954628,1.1313434241570643,0.4765229048417782
876,1424,2.7489090704719374,0.17209590661777516,0.030469692873792763,0.25385516030307714,0.5629082224751856
804,1538,6.987482692454025,0.1586787730505894,0.030469334301913658,1.1149428536201769,0.4635760388333914
468,1423,7.007687747897285,0.15657775361909226,0.030410779406950025,1.1362728994244677,0.44222669488431543
729,1682,3.4530076370379508,0.11933780439432501,0.03035324549055569,0.32155660547691306,0.41392534007616755
190,1554,7.051520006752149,0.14889111926190432,0.030310151830505925,1.1355035641757703,0.4710277443135462
571,1788,6.991283817184309,0.12824267059441802,0.030285512090180426,1.1101556518789195,0.45363960355728905
411,1791,0.47818536972639364,0.11644067631323896,0.03022058507791234,0.06851400192286196,0.20377847711089328
93,1588,7.020510855668173,0.1647566007405046,0.030159702267578824,1.1436539182732706,0.4787628801339183
220,1541,2.8010734068139036,0.15134353860584715,0.030132753305094524,0.2813135327853082,0.5729576676144036
105,1546,2.8327915590416417,0.14568230875798757,0.03001064629216721,0.2885904424528445,0.5798564272855236
123,1582,7.008282935507833,0.129077887543514,0.029968282917857855,1.1510769965554601,0.456670562372594
10,1775,6.984117185242192,0.12092135618905203,0.029939640972273446,1.1393202859371585,0.4249752004824633
538,1794,2.9250303956801007,0.14059309650079188,0.029918857723861114,0.2822040029296153,0.5639312658602622
332,1477,0.2838538188224634,0.1250301470419375,0.02990534667828781,0.059986424200931115,0.24877695217910065
643,1292,2.3545122094489295,0.13203339362508257,0.029837691261545295,0.2275944131835215,0.5673581692245716
593,1489,2.905586664034432,0.13588778697759235,0.029834557504074658,0.26994602421598196,0.5500025510701368
368,136,2.8862653014269397,0.09671965020114247,0.029811138903822365,0.2796502545576689,0.5461911580920226
528,1248,6.970810272366156,0.15049211791553943,0.029776877043664423,1.1277627881612873,0.46008736846792203
251,1212,2.687158892583332,0.15791881285260947,0.029756825238519444,0.269813866810683,0.6013030238542053
279,1242,2.6723625069855617,0.14969641660921204,0.029373828434862505,0.2682225710541156,0.5678624988304588
835,1332,2.5825309686326947,0.1723798080258573,0.029333911461773932,0.24892781080652715,0.5788278680902518
185,1497,7.036885642549774,0.14867617919674836,0.02930925851597135,1.1376839609120792,0.44759904650701665
535,1279,7.0432458274431395,0.13503405956087797,0.029214956075521745,1.1414453340397004,0.44125109272300445
762,1348,3.34701097102436,0.108074683511294,0.029167215230256418,0.3320236925178872,0.40588088502749975
227,1274,2.5821117893022967,0.11765792741485634,0.029127138461817886,0.2431022379167459,0.5768630062488848
204,1135,7.024376269868953,0.09266556415876463,0.02905997507013801,1.1241385948678586,0.4330668541855238
414,1560,7.008242160460965,0.1417965158916092,0.02902497028694086,1.1160224689313623,0.4523543179364359
257,1646,2.63571838922518,0.10929358720909557,0.02901700533472722,0.25894522246786733,0.5795605224735826
73,1170,7.049314380060168,0.07708533959382884,0.028897928467994306,1.123603671615705,0.43263974799088145
502,1339,0.3450347873415446,0.14943392047890286,0.028867407171485362,0.04486107899495606,0.1867830888801396
505,1064,7.00012696480312,0.09894648197275838,0.0288066819395117,1.1194705051093932,0.4402181832733646
469,1530,6.996453663774403,0.10883016804091039,0.028801105687798974,1.143321570673484,0.44228763065707116
735,1302,2.9131351262041494,0.08860435755190584,0.02875601407610125,0.2743897641353441,0.562162690704583
119,1275,6.9890290794458405,0.12802372298213474,0.02871787513873981,1.1035751643444707,0.4690404362028423
813,1253,0.3488861679099743,0.1026770573130737,0.028608218897299125,0.069269984160305,0.1999171660149259
439,1453,0.6358838765179686,0.11178378673165838,0.028531184078820087,0.07155169824832913,0.2379165866850905
750,1608,7.005206638272246,0.10788009622395585,0.028506209753041786,1.1486469215644688,0.4368231743638359
838,1669,2.7268445121658975,0.0923268510038978,0.028500532828464976,0.253685809884936,0.566793399893945
224,1747,0.624879979511509,0.14194072274065003,0.02848653542631768,0.0778125799464072,0.24246504745173425
714,1475,2.536477430725912,0.10920020552646126,0.028484389418539816,0.24002371793968524,0.5655457837745763
763,1493,2.8216530479215827,0.11345096152005549,0.028454805316222086,0.25731698379249984,0.5665032208658948
254,1704,6.992063395066374,0.11837002385731218,0.028296029451700653,1.1522506408015165,0.4260049546524914
406,1665,6.993235509425198,0.11515613437540347,0.028266287013059825,1.1381945202552937,0.4318342600899019
195,1145,7.021916114704713,0.08438490181988248,0.028265789540177087,1.1224429934829832,0.4330876521213616
877,1520,7.052195682931719,0.1887763490509285,0.02810309584286638,1.1159475255321196,0.454077501729299
376,1670,6.979120865248797,0.08746553386886145,0.028099401032981572,1.1406244192144674,0.4424693156217882
543,1735,0.7339511802102254,0.12310509757054573,0.028095129961037635,0.0767316089482739,0.23411047737530913
362,1555,2.7743649980725893,0.16457916512596632,0.028071315780446252,0.2557503632064006,0.5579355131449723
358,1282,6.971450621078092,0.12619653653632767,0.028068848910567764,1.152348776439038,0.44077611369059944
817,1200,2.723133356434074,0.1589137782892591,0.02806691525475758,0.2731727954349959,0.5773411609172817
880,1403,3.4369213654612154,0.14122036597658155,0.028054405468306516,0.33175619824746794,0.4328603316661048
511,1402,7.00696686933209,0.12099742656662482,0.028018955888573494,1.1329918415991989,0.4393145211754222
796,1655,7.07071248699913,0.15949973904294862,0.027995048099327416,1.117693933001912,0.4647116327933192
272,1749,7.008497477383754,0.16226961030133794,0.027965792612030603,1.1317003224203381,0.46284429682237066
164,150,0.9069775268563731,0.09945397420680614,0.027962427740750456,0.10364323078062636,0.3106478698952489
465,176,0.3580146083138688,0.08443083501457872,0.02793604854753561,0.04783270106778678,0.1264118476586493
263,1790,7.052798227994087,0.11877325067534675,0.027929601918655778,1.1472509445101486,0.4441851570070235
180,1414,2.959130570151533,0.10807076236479726,0.027889032093522406,0.2764143300635449,0.5639123172842078
461,1441,2.6741110246924316,0.14486609445083592,0.02782449952687057,0.26794245551761525,0.5964504233045455
830,1494,2.8208490521960385,0.139505590997281,0.027776066858018145,0.26101533022476975,0.5576268149112864
717,1411,6.971495548218798,0.11139420380743406,0.02773151989580113,1.1132513791132566,0.4217242332804387
165,1486,0.2017810272581648,0.10304835122432289,0.027567448858164686,0.06115892010494653,0.13511785639565344
125,1162,1.037330062124129,0.0673419798982559,0.02749861964057296,0.098252087231186,0.30733584823041105
820,1186,6.999606955750354,0.09149356647689434,0.02741845123277826,1.1255217413313745,0.43223717845639065
522,1363,0.4270511712083035,0.12687699591647847,0.027413466500499334,0.06130557156815101,0.19835118524631834
52,1716,3.3525928761046457,0.14286545954590968,0.027138242486748742,0.32977095306819754,0.4309536323791239
15,124,7.00705953913005,0.06146597963421509,0.027113071713261095,1.127942792651718,0.42110358897086303
345,1227,2.456311835883041,0.11848327200792998,0.02709176351936931,0.24341799682029824,0.5752014948850622
98,1779,2.7448514924279572,0.17209591561154486,0.027070053092817292,0.2637587078232656,0.5826715945704417
697,1657,2.4062474233729363,0.09738971090609537,0.02704250517502004,0.24013322548371607,0.5606352967277402
80,1730,7.007387819577644,0.11990983586515741,0.02702679298642538,1.1297746423309827,0.4419136078957753
198,1495,2.908282097581815,0.13755618979598752,0.02701794284192064,0.2678886825207445,0.5619728690571708
261,1344,7.011802761174929,0.13570349848122243,0.02700741736820083,1.1403221282462226,0.4539379784071362
238,1201,2.5488833879375687,0.11641940305127424,0.026914675689423358,0.23979549438556047,0.5813726333199944
672,1710,2.8026807738256796,0.16374355487698908,0.0268726291609025,0.2809074095091522,0.5680986273447594
288,1415,7.0633385651981175,0.1092327885112556,0.026836283341546193,1.1277593514186248,0.44269234996932333
171,1263,7.030448506167902,0.1110324963985596,0.026825866802370202,1.1433591677740271,0.4526758872786409
660,1676,6.990893509252261,0.1351367164291311,0.02676122732230905,1.1237660658311714,0.45919012175924606
245,1635,7.032318626070609,0.10133224665147603,0.026736932930592365,1.1188787325910319,0.43647560730828583
131,1359,0.3766328478373652,0.11649050461515205,0.026698255945693916,0.0726357526861304,0.20114297766809835
182,141,7.009062387807393,0.062270304511985175,0.02667535861465429,1.1323882444000872,0.41889859291628456
704,1778,7.064797634457382,0.10474280507799386,0.026622333969684813,1.1336987750490792,0.4365429668338186
120,1729,7.048826007348393,0.1466223360455208,0.026563644366205848,1.1172582584384696,0.47395697724252756
250,1254,2.875082039452015,0.13188314737095375,0.02655589581013809,0.2715424471702525,0.5615440138759165
223,1626,7.043798107218231,0.11727125788311989,0.026470515275609043,1.1202378721945523,0.4697490571812709
447,1586,6.999999348324075,0.12156426864698594,0.026409757612787098,1.132924187909143,0.43500265248763736
8,1719,7.002702249449816,0.12564530079774358,0.02640429234779798,1.1177281898386138,0.4530690066149234
580,1345,7.072920720739083,0.1106405355402477,0.026390459160837133,1.1216285952787732,0.43987575953050806
456,1257,2.339857737556883,0.08697721704980069,0.026229220955793858,0.23574628352259266,0.5704574180289184
633,1470,7.046226984625257,0.1609410306051637,0.026183278255328474,1.1318929808500025,0.4861958105446238
651,1271,0.4823106073177174,0.10408568054132394,0.026180806486142162,0.06552987405382443,0.18730506044222825
205,140,0.518600376278073,0.06971966758866227,0.02614253757246801,0.058901808774798954,0.18078802231518676
755,1621,0.8589151441579488,0.1444746036752138,0.026117427373162694,0.09622764730311312,0.28031144492013693
417,1165,7.015109565636207,0.09054950827799352,0.026050823726192378,1.133769726272898,0.43544460599258206
710,1333,2.498061621345615,0.16306700328307427,0.02597880469907744,0.22893236518980364,0.5884645281009477
177,1377,3.4354731468283735,0.1537844468854969,0.02595163605772316,0.31277683120347977,0.4201984976412446
419,1427,0.423521487118785,0.15916277767706008,0.02593514383986767,0.07603672935595158,0.2759941581460119
392,1631,0.44950679876497907,0.1708417699317777,0.025912826496423895,0.05093123931386454,0.21055955276698635
133,154,7.034056859864292,0.08956700571971524,0.025868202291151735,1.133407835227814,0.43207735891506605
738,1306,6.9979170670818585,0.11757443043950536,0.02586051804407498,1.1060782799229194,0.4314031378891592
867,1336,3.2337689910506047,0.13774036409859186,0.025820434188206346,0.3115095948982948,0.4803726142118386
355,1616,2.62577275931031,0.11063510680673781,0.025791006278646236,0.253201308343403,0.5803640810269382
235,1429,3.2836075391727984,0.14950447194996666,0.025706916893729437,0.31957811391164276,0.4924282916399928
211,1355,0.38945606494605206,0.13508553217622993,0.02570683736811091,0.06618050742621123,0.18557002297021777
807,1110,7.040562042860441,0.07729786580140838,0.025664427044475843,1.1247661169158174,0.43542037246454107
701,1288,6.988943630928619,0.15223360700721456,0.02558683632363414,1.1169909223649175,0.480522691110315
325,1765,6.982232284627707,0.11288551325282037,0.025547751031086197,1.1338211680929686,0.43238291429422804
606,1722,2.486752137845182,0.11694641172723254,0.025380207383796045,0.24955014229338238,0.5647666059838388
598,1706,2.4989612222466433,0.12514186496999247,0.02524673100670286,0.25098614694606214,0.5856329646939306
293,1041,2.8601278004120916,0.07280209837293966,0.025216806841612305,0.2607361586939888,0.5492658988935533
487,1573,0.7822491084957189,0.14378522654168485,0.025207454753612656,0.11291522668775356,0.34331496672198036
306,1222,7.010474262826039,0.1527860484562569,0.025123035620290484,1.1157767212906315,0.4526725347831748
462,1479,7.032488915041146,0.1804175105180676,0.02508583828209664,1.1087293875885778,0.49204866438300027
53,1534,6.981611680534678,0.09239326448659532,0.025083925654204853,1.1440009668790319,0.44102051837951983
29,1182,2.4492061344188643,0.08536471920753555,0.025058053361465233,0.22364061701508656,0.5680921872311568
108,1438,1.096455100235263,0.10428055829851555,0.02505459406118987,0.11552700640996826,0.353866598820598
4,1513,0.39423388654720953,0.1367847989888854,0.025051537394322615,0.06212811841686781,0.22953081798570957
609,1101,7.022657804651958,0.07787288013332218,0.025029573684971364,1.1244756077137712,0.4318422582319196
17,1768,6.9999918972767565,0.12695400036550222,0.02499511393849164,1.1472061618453455,0.43925206922096366
336,1286,3.296561750079165,0.12985826708299872,0.024991738399590017,0.2968538439621723,0.46941382815944915
91,1152,6.998444494576792,0.06551198257519268,0.024963148401508095,1.114590574766438,0.4361651780465191
809,1281,7.00171193492217,0.13536148146206878,0.024757806387502395,1.1238066326294571,0.4714057801311478
412,1699,0.272767782112255,0.11624097442019043,0.024717181783567525,0.05199347301233432,0.1670000107511055
550,108,6.989343632344827,0.08057950944867998,0.024677850964823746,1.1360186318515415,0.42882139655289303
547,1342,2.6029183878553743,0.12387344331650964,0.024675846823111445,0.2405534410289718,0.580563150530395
832,1741,7.04971288430308,0.14864266079715363,0.024618918319954934,1.1334257819310876,0.457572893732631
237,1439,2.641542557024268,0.1255719129214933,0.02459905629428151,0.2596760462764787,0.567453540793164
602,1752,6.994633899161404,0.12369291800781126,0.02459482017707867,1.116733742351956,0.44809597547143726
398,1084,2.643981171545068,0.08162753554839652,0.02458610972180646,0.26187389389441323,0.5712729551097587
252,1711,0.5097322148791175,0.12387826750571626,0.02450896099831706,0.0628420853985206,0.19832271599945892
328,1338,2.6441553975821184,0.12905866795471232,0.024479685874808574,0.25793218812245794,0.577297787091173
823,1116,2.6577796587795923,0.08793808530734065,0.02438075932454256,0.26247128277171555,0.568935465337881
47,132,7.030127312557064,0.07154293027451385,0.024353348176934783,1.1354412526070274,0.4350552839456055
63,1758,7.002463378795377,0.12818824478521804,0.024311597867363765,1.1493868224979813,0.45208308743486003
226,1543,7.025933920737921,0.11894710291571096,0.02431021947279349,1.1217333351610714,0.4423482875418367
576,1596,7.005272067973584,0.08666429914936463,0.024203798208858898,1.1397091031500526,0.4378765601164192
694,1434,2.8032619599403152,0.1617828922961777,0.024154638961613375,0.27638519272156464,0.5684164423904342
23,1285,0.5770773740915062,0.12889000695266084,0.024146932919268612,0.0952022955455876,0.24177535901825115
90,1745,7.015229044685895,0.16144637905817086,0.024097186898136936,1.1244860436481106,0.4881467320001708
494,1766,7.004080920206619,0.11922649691553378,0.024037011268315568,1.1393283771252478,0.4463365472814804
41,1328,0.18331927025741535,0.1342688758500684,0.023964097027239947,0.08076351065392652,0.24377436945030528
635,1449,7.033329511680646,0.10904684579720589,0.02395713646481527,1.1363078615391402,0.43552009436052297
202,1580,7.0227961484843435,0.1209660833428717,0.02392858151065074,1.1394556987635105,0.44536313095084673
55,173,6.990874166852438,0.06229928474592132,0.023895411262660097,1.1307014846022838,0.4257988853329518
436,1418,2.6700576012308166,0.13769751709678993,0.023892040367559975,0.2654443390863788,0.5651440004211268
687,1346,2.675178863681828,0.141955933068489,0.023885091808657895,0.25952808819479445,0.5850160395126807
359,1175,7.004502096803149,0.06247438046288876,0.023856206592936247,1.1325352730154428,0.425815516330069
864,1681,2.435496732149218,0.07713137145166556,0.02378869082715684,0.2385826376728932,0.5609232061375464
581,1124,2.7572422231207034,0.06698510287151098,0.023762526631594796,0.26431236586661994,0.5564614399585833
373,1207,2.6686936885041206,0.16016510617730043,0.023751600997494186,0.26305852928750656,0.5671224828437765
343,1239,2.495463682916755,0.11036519075181825,0.023726436685515412,0.24138870013283695,0.5778324015723431
115,1698,2.4086877929267954,0.11008856598669801,0.023713758834052783,0.23662161849675525,0.5792067101307656
231,1385,2.3539580579150594,0.15947190754969753,0.023699469597653247,0.2219933624978603,0.5970112663294462
546,1511,7.012536873313865,0.09993283935069577,0.023674350408049456,1.11526537964638,0.4365282834810624
286,1522,7.047450631722202,0.14242474518095366,0.023627132241015845,1.1173011170021023,0.45685026829937087
443,1069,7.033823258153219,0.06609047814032651,0.023605814664514797,1.1401637133498232,0.4229589598297957
104,1147,7.00880497077461,0.0869737892915307,0.023596317163480908,1.131821302969473,0.433935122169974
366,1191,7.007715249457968,0.0689697401782256,0.023592286291380382,1.128395990485388,0.4211830701315281
386,1090,6.975627951479079,0.08165446542989341,0.0235872679504302,1.1248644951734166,0.4238901968832299
866,1296,7.012013513436013,0.12922865674702122,0.02352703530070179,1.1209864791502957,0.46735224293764066
199,133,6.991830750120606,0.06477621832926647,0.023476815966919883,1.1198739560110693,0.4151850794827152
457,1365,7.016870432151705,0.14001357519546806,0.023462738197876126,1.142375568370122,0.44561964126984616
818,1421,6.991111257111293,0.1264421550218394,0.02345341383222619,1.1202467788604793,0.41802507442243847
420,1390,0.28392552155456985,0.1056779045440862,0.023447433027939505,0.05792180397331397,0.1498475881201734
582,1197,6.983991169834475,0.09405050629460643,0.023366537738616876,1.1311254286576473,0.4434105017589024
721,1578,6.984301413978231,0.11959254897422827,0.023354908355937995,1.1292761689751047,0.443928994698635
766,1725,3.2615319155737352,0.11621337340588432,0.023243515363882868,0.3256451007613707,0.4573567304118483
106,1717,2.7891720541716993,0.09033381275275937,0.02323054463358999,0.268423474030076,0.5633193401407878
86,1569,6.985876264000683,0.1283087335999218,0.023178375829401913,1.1519238118411492,0.42968557538839525
646,1224,7.012903852245395,0.162573193044482,0.023167880018881114,1.1323159642325396,0.49916162597985014
604,1567,3.3810492820062485,0.156337684111226,0.02316207101720844,0.3190272069080026,0.45054595520978763
431,1216,1.0928893391428456,0.13116364339709224,0.023136830806129927,0.12207200339071876,0.37637554637615295
510,1696,6.971366622360278,0.12832156270973424,0.023103588685272708,1.1244264989614279,0.4275690220334248
816,135,7.042394328825616,0.059292802082923694,0.023094666206204904,1.1341551463350812,0.42791220177410655
197,1362,6.986250374264548,0.11698223243089706,0.023077895366557587,1.1211822028743008,0.4505890442970615
140,1184,2.6394303582339633,0.07949076097557345,0.023057459076188277,0.26161960061154893,0.5717897866121033
541,1269,7.0250598818667465,0.16772440534740252,0.02303755025017157,1.1330661700295754,0.49383403354410976
147,1378,2.6137366028433187,0.12501659497195902,0.02292077269806863,0.2513307787609965,0.5640256879935913
467,1354,6.99181965593162,0.16390076185851554,0.022884085720235706,1.1374270927135723,0.4886329065574425
0,1488,2.77403785576983,0.1416712429613478,0.022832597800952818,0.27690876297988404,0.5691878079952655
430,1098,7.026654482663675,0.08237043593134454,0.022818499649348206,1.1356892712088391,0.43110904736982936
194,1358,7.026194031835071,0.159944350963697,0.022813742651705677,1.1318188994180423,0.4301333395672229
127,104,7.0013814867224475,0.07752562055989233,0.022801513774851366,1.1324437723228284,0.4215791476299499
67,1422,2.6395428098212377,0.12445024998526444,0.022739747539408654,0.24403914229478707,0.5611633686526832
19,1458,7.023702644525802,0.12184220859300003,0.022695859826272195,1.1450055527949674,0.4546364214347729
375,1426,7.0417758908215475,0.14715429535560104,0.02268763752637864,1.1384469075423314,0.44981844922265474
768,1684,2.982542666176099,0.1230988094645468,0.02265563480615734,0.282004340307406,0.5623856518371678
600,1731,0.6804126712906232,0.09705570834326208,0.02262033231980238,0.07886150003360055,0.24656665272779968
378,1163,2.520172613412415,0.04595571123932693,0.02257721206716671,0.24298205860364525,0.5628646794580132
862,128,6.984493969589363,0.068592907340191,0.02256519843285218,1.1191889539935,0.41744390042515334
566,1753,2.6589903882077435,0.09959215999090451,0.02246604288580099,0.24181558776164636,0.5647637940776601
857,1134,6.991136197586539,0.08866568928930421,0.02245814200627545,1.1338303744031346,0.43604526509728064
103,1502,0.32711244251660865,0.10631709935262691,0.022450720206688746,0.07053259591851054,0.21640064826095973
441,1205,2.3656344258711024,0.14211786355228012,0.022440761017716155,0.23041396944769219,0.5842832831475082
591,1525,7.0133329841838465,0.12839460621299023,0.022343531829071377,1.1193420798827478,0.473092264057512
5,1310,3.421761186063493,0.13898924156085854,0.022298035428462114,0.31997415027043746,0.41218661781723037
100,1591,0.7999770562332723,0.11247557417104118,0.022271697407055212,0.0935330328016456,0.28200689023475584
16,1592,7.026231757772295,0.11148846825595053,0.02224826087076887,1.1303293334768192,0.446060990378819
39,1720,6.987489292193727,0.1578849802260593,0.02221152299045456,1.1435258673615365,0.416936854469711
826,1712,7.017118722483158,0.10356512937723374,0.022199788467660044,1.1403619898616915,0.4382414352006062
484,1120,2.9327088014658678,0.0712576216160439,0.02219803372982365,0.26736575228288445,0.5422233126437533
734,1003,6.976443854375213,0.06972717658849802,0.02217544026863629,1.121353018827005,0.42783644683976146
353,1756,7.034553857837725,0.12282125946864637,0.02214219838759194,1.1468898722782488,0.45030611876537296
573,103,3.3904218061201044,0.09546607578970888,0.022141542642384226,0.3262723965448112,0.42281938117252343
486,1370,7.009192896830709,0.14443927110538124,0.022092994388910978,1.1382750865926954,0.4673180865818272
865,177,6.991625540865091,0.07153636064780612,0.02207083484884918,1.1348257099742873,0.42956599513177973
568,109,7.03706930587398,0.06881326710412912,0.022052322253386984,1.1279568745386763,0.4301441260654693
221,1035,3.349486290878265,0.08416227734720964,0.022050649699096824,0.30412485604047623,0.4431223545240827
149,1637,6.9810230082337,0.11268087743722756,0.021987547214366954,1.144059059095818,0.44115067961519566
579,1140,2.420228430640999,0.07718381354312948,0.021971201475581997,0.22183864322647118,0.559778296619056
305,1701,0.6794500434459806,0.13499279080167145,0.021927366508801168,0.08240532620646004,0.22149945702820764
448,1025,2.4912635346772287,0.07822749661485122,0.021922612471141488,0.24710618752442767,0.568719435269596
260,1076,2.5088003954905838,0.06033192944989871,0.021907189185829568,0.2457354772258726,0.5610447934089674
636,1324,3.3490100547791104,0.10804892614929135,0.021887424451211914,0.318800937611594,0.4248669788900897
116,1454,7.01125660343908,0.15886457877294397,0.021884902860927268,1.1402875267573234,0.4344041037387878
514,1192,6.9715049892319,0.0734330730419351,0.021863258288392494,1.118773494295306,0.43225056601996703
844,1183,7.016637927891197,0.06279256667772841,0.021796827158611615,1.141597804946224,0.42264180221605885
307,1334,7.055016172825985,0.12574523291360604,0.021770835721726677,1.1327809636396826,0.4546602171388387
354,1762,2.484303396931831,0.09484006916047961,0.02174647647198155,0.22917646745825723,0.562350098397161
451,1629,2.2816122215358985,0.1645564182867611,0.021681436902302655,0.2178189463978251,0.5860186648820499
79,1220,7.018787553388197,0.12115838836405038,0.021669703620480176,1.1491961475547021,0.45636601090012
12,1384,0.8903145634681637,0.11968191022397627,0.021570761766368948,0.08891237823771357,0.28095818717145615
681,1571,2.705300275640363,0.136188850495472,0.021552057862784555,0.25044736101424403,0.5659780523156703
72,1451,6.987614218770717,0.09678333421438116,0.02151554201562632,1.1436849578256878,0.43564542437986536
702,1389,7.023207094638072,0.08539948081679194,0.021489977352243065,1.1070145427355256,0.4358542444610462
756,1383,7.029652824418236,0.10298011768257846,0.02145289141643072,1.1448924857004157,0.45176570284036366
449,1078,7.009322814345952,0.09086383215020266,0.021446613245815756,1.1200830769417516,0.43045410720740895
754,1180,6.999353783237198,0.06820699550063271,0.021433320326671272,1.1295283135900531,0.42509933745314926
627,1777,2.7032940657981595,0.1026588196986207,0.021375765021170993,0.2655703956493855,0.571729715961611
196,1431,6.992083822467964,0.12849897780337224,0.021347967234202344,1.128332440149413,0.46749198363947736
273,1460,0.49877679756024357,0.1459523995644636,0.02132174747165717,0.09089790355394688,0.2131876190647433
212,1465,7.070473376733282,0.12319732442570788,0.02130908140813802,1.1275840427145696,0.44308741268800267
49,1226,3.291713878289691,0.15288804400395142,0.021303536270251916,0.3121989736072164,0.4741777704503218
562,1553,7.006991853307798,0.08619929631055577,0.021245383033384125,1.1182453229564164,0.4240582508125042
408,1550,7.02208914328583,0.11539353823327371,0.02124416061208963,1.1135166931576452,0.4535849429656676
161,1526,2.8063225962160296,0.11099048230786426,0.021237214493907797,0.26918069890756946,0.5640383169607971
619,1270,2.336078335836991,0.12279343441729952,0.021225064067838775,0.23433400809057053,0.5725656053960694
631,1738,2.726109654371931,0.08739559259178473,0.021211256684687534,0.25563782116300043,0.5685316631983507
504,1568,2.449667273042268,0.1496361970463338,0.02118753595335116,0.23124597647431322,0.5970056267730647
308,1228,7.018419701578257,0.12177095101152642,0.02115800368501108,1.1363424622881442,0.4478138360208564
239,1013,2.6155547499738727,0.07376131815995109,0.021152894277580242,0.2565845249145778,0.5628483251009967
726,1450,0.9448145751693248,0.10622826317180495,0.02114724774909718,0.11147018623903256,0.32738879321614534
723,146,7.010333616515284,0.08658386154958986,0.021136216177779724,1.1281284566948853,0.42393006018404755
728,1509,7.01936714031045,0.10225839834104257,0.021134917517357736,1.1448944819870652,0.45952839808666907
845,1330,2.684840598067876,0.1157874665078131,0.021098542893513098,0.25365903954704927,0.5698127065828945
88,1516,0.2710753346160827,0.08350921085922675,0.021087723845768513,0.05886009774423072,0.13985689868196857
37,1048,7.009488126416027,0.07522337639290434,0.02107375901960557,1.1407177594355464,0.4374790874372216
740,1514,0.24646890028967378,0.11525721979642382,0.021058596438104957,0.04071229620745314,0.1448075168776073
432,1609,2.4814726117106396,0.1262304227658852,0.021048265745688924,0.23613876465610156,0.5714128730405472
351,1632,6.98683134950348,0.1033135670260561,0.021035935649789884,1.1330885962031967,0.43619262115017515
679,1594,6.999560486257197,0.11734725346701733,0.020998615891265764,1.1183240809179085,0.44619199203374216
822,1352,2.652128511124188,0.10917381842014874,0.020989015007160872,0.25652557112024227,0.567208435785514
340,1750,2.650925474284794,0.10805222952861232,0.020969644733529663,0.2519718973225197,0.5627612945460051
184,1015,3.23005615787652,0.0886791023966122,0.020913543013277504,0.30356949982308407,0.49721670198317347
882,1639,2.711530085376768,0.15725359936207745,0.02086157698542173,0.25680744919008636,0.569026276340915
650,1008,7.03658114873066,0.0770084603296505,0.020859943535933217,1.1226560039163473,0.433620088723887
70,1092,7.006845658399424,0.08955450427440573,0.020844132863526533,1.1410139706726605,0.4308918076612314
718,1112,7.036879607506629,0.06506229763877018,0.02083290534290932,1.1288233104497705,0.42648589160193245
526,1539,0.6520063018023162,0.13991949282832253,0.02081532994486647,0.08524215325331239,0.23337372817326138
827,1457,6.994035334926559,0.10208137403985489,0.020809414414248998,1.1161416234584571,0.4456186055746971
549,1187,6.986184082516831,0.060678474682875475,0.020780356946976847,1.1159749590362833,0.43075147867765967
48,1131,2.391729628897505,0.06419712318265951,0.020751604768533757,0.2198591149999229,0.5536998167843016
861,1705,7.073263876031446,0.1456761031751115,0.020704189740561076,1.1231090702639321,0.46780822574442776
157,1317,7.0263907835921025,0.12123536656584008,0.02068133779777961,1.117328724415367,0.4442278277467181
350,1761,0.3655938258871051,0.14293604091400725,0.020672813707112936,0.06944488385169285,0.25604074508878416
732,1071,2.756840847744924,0.0679699661067589,0.02059609498269603,0.25201363789411696,0.5575057154246058
269,1713,2.5516658196009523,0.08854022670946657,0.020590203657638206,0.23709700439978898,0.5671069599357972
118,1679,7.012913574581009,0.14481875660164475,0.02056598684423957,1.1161752095215038,0.45596831556677436
324,1289,2.39519857232951,0.12527031833369914,0.020480939278634928,0.23629322922973695,0.5686047918430487
114,1667,0.39828732676115447,0.1231467307394419,0.0204658285267716,0.06302115592763903,0.15952485030037852
389,1315,2.55815114095198,0.09868242339808324,0.020457274463057937,0.2520025452137876,0.5693031317818864
645,131,7.007391751323372,0.05661029506226378,0.020443877850474468,1.1198307006131558,0.4214605533023315
534,1392,0.4870013978487976,0.10503193238686184,0.020411961498157456,0.06276771256268289,0.20183051062203292
490,1364,6.952459881702923,0.14133367983430278,0.020386464701627242,1.1205921950019126,0.44068531724726023
501,123,0.5602792111301926,0.09543857526283253,0.02036929434259977,0.07203357084447518,0.23908064427007117
613,1759,7.003352616981777,0.14555861292431502,0.020361708932389852,1.114948296940425,0.4541303591840235
685,1369,0.7341127087973464,0.11369418445226781,0.020348941017794935,0.09096021246784311,0.2895452036895876
828,145,2.6835991698201425,0.0893144325487949,0.020344338791046503,0.25041753512272846,0.5584419265996231
810,1491,0.4018953215896063,0.0941995915119748,0.020333864752156015,0.059358367614091176,0.17636776016051883
297,1326,3.4806110039874527,0.14339675597672005,0.020297568898791866,0.32805856843144526,0.38160019489969355
803,1343,2.5239636017922527,0.13153777375695427,0.020221806125534935,0.24396800242397154,0.5837069199143358
870,1211,7.003964121863366,0.1176292093188224,0.0202109998074898,1.119560679806226,0.4548291232557138
391,1614,0.27065879005958954,0.12578815670818996,0.02018722577427303,0.04621563135563977,0.2064833594401891
444,1233,7.000329135563877,0.10958498374246378,0.020083877285392654,1.1235837946554095,0.43131058028044533
348,1557,0.5612338712754752,0.1317976615232672,0.019925295742757143,0.08061180208282676,0.2756945120025499
675,1329,7.009520751006515,0.09103035701577214,0.019915387044887278,1.128934640871869,0.4238420703952926
829,1663,2.4979365036849264,0.06879016762936653,0.019853085717567817,0.22986993261081307,0.5646220489129854
499,1417,7.038608139899971,0.1479400229233057,0.019794558066543098,1.1366551871961825,0.44543550044747054
585,1604,7.058291172206256,0.11363999546680789,0.01978166615418966,1.1112938777655401,0.42934284329155187
837,1695,6.998031279614116,0.14024872088279172,0.019714878503728266,1.113087326935092,0.4379107552935012
595,134,7.0159905085081595,0.09315026482000936,0.019672018304713997,1.1356448102477923,0.4503807342693456
247,1728,6.98153377824738,0.1655562445488725,0.01965045131340865,1.1193509532095556,0.47884003437097483
450,1724,6.953228963962245,0.17094210421583883,0.01962543072816214,1.1253732219671309,0.47286497697588886
393,1068,2.6866972594348035,0.07475914238177035,0.019561953916004703,0.24451285646979348,0.5613288038381387
337,1559,7.010284768083927,0.11129510397230492,0.01953840494181027,1.1313193972078353,0.4542621552281858
620,1142,6.991486846327695,0.07636987812522168,0.0195229403926906,1.1186976025192537,0.43444016074940073
256,1672,3.3556252570663285,0.1315773535403727,0.019463085760096338,0.32249237914250534,0.4360318450201135
445,1231,2.6051161752019976,0.10209459170540221,0.019397122660113217,0.24304191119232219,0.5656545645342663
425,1782,2.86129029527984,0.12932344480525743,0.019328084324302712,0.2756251546243351,0.5585509337091017
615,1718,7.040690090769631,0.13057155499440426,0.01928139649759351,1.131444049904363,0.44027154250626854
383,1473,2.620978586064286,0.10774161316790086,0.019262739829480457,0.24318271210223893,0.5772898534718993
283,1280,2.7585672880156222,0.11400552505762747,0.019257975799963283,0.262277188529943,0.5666577365399639
56,1413,7.059858430729654,0.10402544245498574,0.0192123883935739,1.1298009244478373,0.43708523583955505
641,1356,2.3987232010482913,0.09194146527982432,0.01916031872398933,0.23293171212070393,0.5718611343087333
587,1038,7.001558633118555,0.08710627682966378,0.019157242897165222,1.1301134799358896,0.4452430199019278
626,164,2.4769759875119473,0.059351979777617955,0.0191132129846424,0.22818155150993819,0.5607068659633145
881,1620,2.534262120613535,0.11085416577218642,0.01909838902332155,0.240729751705843,0.5813177859734238
474,1139,0.3431910338837725,0.07923328693829233,0.019062996908393453,0.0378220099874193,0.14565108682681172
136,1537,6.9675231938113,0.0981552570900124,0.018908867332413034,1.1240821081775083,0.4395053327062033
102,1067,6.995456046348071,0.061474745433743636,0.018895966718975178,1.1162219628377434,0.41366997936563527
548,1066,7.030852701917114,0.04883441255361371,0.018883350601224008,1.1378932857171946,0.42502187092965826
275,1371,2.592249681939656,0.13277181313376796,0.018851687993712406,0.24634573906057275,0.5673723995253813
563,1294,7.012060145775292,0.1256489711859508,0.01877517928013418,1.1308631425349882,0.4623014015002619
831,1077,2.7704829352774114,0.07491038328082679,0.01877371115989612,0.2555018631456216,0.5549750318710449
638,1651,2.666456831432575,0.14127801197746734,0.01877283601611133,0.2569733968418347,0.5727474638458897
677,139,0.3032372850239731,0.0631324789868875,0.018611768550425133,0.04779955839244855,0.11647974588547295
836,1743,7.0136823816786125,0.1567119241184853,0.01856669217761041,1.1231219902635619,0.4573968592160829
117,1393,6.986100048032489,0.10883697556163596,0.018558326494179368,1.1479180028346716,0.44120770710121804
843,1687,6.998832765504275,0.10860511573636476,0.018524176871691157,1.1134158502503428,0.4321488583189797
852,1223,2.6873796002453676,0.1268480898831205,0.018410957054331406,0.26490597072052186,0.5615511146857148
264,118,2.3425360890090845,0.07149828574759529,0.018386616068915104,0.22790894857166644,0.5527089247507061
401,1032,2.3653914019685875,0.05746180793057214,0.018380412179587195,0.22973194471818628,0.5539313001105317
3,1658,7.025271765680686,0.08598540679406111,0.01836442227993665,1.1189959804680571,0.4318063634699138
416,1100,6.993818285615357,0.09140016721648948,0.018323867376573467,1.1277882288472907,0.44371004998427743
540,1113,6.983961913579996,0.061287167081908143,0.01831870504873622,1.1219228549385665,0.42505056815235326
400,1512,7.02368506217886,0.10286262707373134,0.018317527740911856,1.1205122461728299,0.43494693375954524
658,1619,3.358327307743103,0.13884651600521966,0.018258533553149877,0.3191301734833988,0.413091395269977
153,1590,2.4465455511346574,0.09611397997910068,0.018224828534275234,0.22792524639894088,0.5650880978118284
321,1748,2.4596627176779378,0.10583159390650392,0.018150549256839458,0.2361388173395185,0.5682930589939599
709,1410,6.994140615301589,0.12886593705632834,0.01812934684386168,1.1444432316460584,0.4260863502411133
71,1372,2.8088851845886804,0.11611724467083928,0.01808905654155665,0.26365153372365846,0.5685082063841812
873,1004,2.6739835809396704,0.06845109560522575,0.018083769400177137,0.25255229624611913,0.5619267741552413
671,1464,0.5145553749625275,0.11878763420400257,0.018027086623811375,0.07526789132426301,0.2370010660473817
282,1029,2.7009610665233104,0.1038273113298176,0.017969486031054117,0.26240152953702073,0.5546558524865953
470,1016,2.362280779455852,0.059948033439444576,0.01796379507181891,0.2264568261033278,0.5551889595705292
14,1793,2.4891294506069217,0.14387179447472773,0.017923488847347603,0.22822760834728234,0.5713636826494468
346,1265,7.004018556716399,0.13132950369349425,0.017915572995127815,1.1325943537034233,0.4330180161907216
722,14,2.3398621918716103,0.07558191344700364,0.01790444435864695,0.22988560181629294,0.5599026051521032
542,1024,7.021429655613355,0.1059306829344132,0.017855322181179994,1.1370525234892133,0.43611240318054934
680,1007,2.479555052358846,0.04873677087952547,0.017822910918054623,0.23626526025893693,0.5578966476214422
659,1268,7.0020516528260925,0.09929102536080264,0.017821680927988165,1.1174534610552278,0.42591461541313547
589,1552,2.7524323432343434,0.10698233976617358,0.017795934379000757,0.2581442573584947,0.5756766584502016
130,1276,7.03214413413859,0.10871463577084925,0.017793463281500527,1.1177690982128363,0.4499966008473475
622,1037,7.000582956974479,0.06829763992019898,0.017776370218791252,1.1300981917991466,0.4282691904261853
28,1009,2.622993287589916,0.09637861531153599,0.01777417660100139,0.2545771406269723,0.5576896141575448
599,0,3.407736642128843,0.062307785008152344,0.017772857014166966,0.3240712768637279,0.3762097858711893
234,1455,2.7090675024329323,0.1329410729696572,0.017720718861751417,0.26594752634032737,0.5671289664664325
632,1661,6.996324499761099,0.09056462488231584,0.017718575937462507,1.1324181558639606,0.4310358205380802
556,1521,2.3673698880271754,0.06794139181928019,0.017680924627308685,0.22409640060219974,0.5638115137476966
77,1106,0.29991697087262653,0.10212084461818323,0.017660708969879348,0.04933072556962021,0.19840411399939453
374,1612,3.340663773876981,0.10826936391152156,0.017647043175679077,0.3221412061017204,0.4456144643574401
618,1773,7.005312502034421,0.1316359256360923,0.017564665266600412,1.1199013951821692,0.45200199641948036
811,1249,6.993588621603734,0.11040786598694953,0.017562663820678264,1.1237910027742273,0.43138881552869135
509,1674,0.30443920693313936,0.1700361198258977,0.017517255695417577,0.06741722086067185,0.28807448699042365
601,1181,7.011976006972046,0.07147881477002074,0.017495421478489266,1.1338397289502355,0.42684780545425827
84,1121,7.009303358046768,0.08012605336682177,0.017411854786872245,1.133757229725232,0.44083222575932646
188,1697,3.4427511168619964,0.1658088840922429,0.017408084988824284,0.3326305161434462,0.3731119003141167
334,1587,2.5104217119961763,0.09910007811030008,0.017405669257944463,0.23667772021183583,0.5721018717988632
771,1795,0.24487925249353898,0.10387205311088031,0.017336841134184742,0.04855758158945246,0.12551018158935753
788,1095,7.012943111057144,0.051063337271112334,0.017286732145589713,1.1189098874749184,0.4206477344663252
720,1503,2.752086615992627,0.11106660865825062,0.017252790147386638,0.2490748168377783,0.565657687268082
683,1188,2.8398752368438074,0.09080555296099627,0.01720956159002468,0.26760720529062826,0.5559090701427846
860,1524,2.5943844325339307,0.09936036805154241,0.017207066407837805,0.25624645562987747,0.5655168271935263
648,1685,6.985979310349949,0.14908360843286483,0.017192489153669385,1.150770283250743,0.4250467272230706
249,1141,6.994313548820784,0.09393719167370722,0.017185532401330327,1.1275594302862422,0.423146130865607
519,1040,0.18116099946230038,0.0885069659683628,0.01717176811894602,0.039047188226197044,0.12784979631635027
303,1480,0.6512730770960942,0.1101179552186595,0.017147656290502203,0.07106785064735259,0.23478943023078191
759,1097,7.027587987332106,0.10208777467845981,0.01713845622036182,1.1257552553970955,0.4364288344529242
724,1532,0.31484314496550053,0.08915956084347815,0.01711131346951684,0.04384996684044684,0.15838716685449122
290,1340,2.311760616205604,0.13515055506530776,0.01709758864893499,0.2259226475477938,0.5833982723141472
158,178,2.676943614657157,0.0839427814809431,0.0170920391869521,0.2481564068816722,0.5576128267285845
707,1161,2.792902319228264,0.06829874223674842,0.016993468475623233,0.26420998938264934,0.5519082090698876
460,1683,0.6044825045895618,0.1392416315295018,0.01697142595069814,0.07501345859672717,0.2027793811191382
507,1136,3.161183522810274,0.07688297560780674,0.016931419914217666,0.2953697435115405,0.5066882394693631
426,1193,7.02146397395529,0.06925985433242801,0.016910049696677244,1.1395513433538764,0.43007315134487495
404,1000,7.019697151029732,0.0731466850982922,0.01687576946073862,1.1287228548629642,0.43865910317075435
31,1325,2.3453482243046135,0.10008902082083386,0.016858851676551087,0.2294326187610327,0.5682718999105794
267,1083,7.009939095344744,0.08819505232558647,0.01682403281102351,1.1415891211611917,0.4268108735736821
689,1693,7.008893213691715,0.09352338728829344,0.0168078964106079,1.1337029990108922,0.4342164668377691
731,1063,7.013196195053203,0.06736975981597047,0.01679657171057124,1.1137966719037584,0.4326723866600089
661,1361,6.967885790797514,0.13920477396521252,0.016751768647181482,1.1404732358676732,0.4579104929675113
577,1649,2.8763956614936133,0.14653484570056835,0.016697870229684712,0.2754420358652775,0.5504992306415313
657,1623,2.4284960930214274,0.1068787221184627,0.016687845660396404,0.2297386939915979,0.5729674060954971
458,1307,2.456616021531742,0.14111261152479795,0.01667735585346584,0.24003413206761318,0.5726692369312971
695,1386,3.2729279427065388,0.17615810787396302,0.016675087314988412,0.3155874792134391,0.45541031226592066
781,1026,2.6097326116445854,0.08857784980020925,0.01664422015321121,0.23840881456459745,0.5643054546487861
725,1508,6.9742309851721895,0.1301598299098874,0.01663411107040607,1.1293584847659346,0.4465142974682958
299,149,6.999363153018957,0.06780437412094985,0.016630554684332756,1.1250862118403413,0.42501368938085426
203,1052,6.996031391304424,0.0934991700107694,0.0166188915536144,1.1217137529762766,0.4313501046584587
317,1133,2.3722111096324023,0.0624212214153469,0.016618056950754544,0.22952161704062304,0.5540307312082068
559,169,2.6550049505617133,0.07174378610876024,0.016602637348970394,0.2578671137825114,0.5598709114043581
141,1656,0.40820131309805985,0.09967012770756818,0.016574619862540434,0.056518389826943016,0.17759480989520895
95,1341,2.620435571805996,0.12469405937798093,0.016541827447081114,0.2407125469655456,0.5697998314382496
802,1174,3.431188645365516,0.08729075217095732,0.01652898794794445,0.330941669226109,0.3584231071446481
503,1468,6.992914645161318,0.10818249747422191,0.01650988066030067,1.1167419981063254,0.4503960048634575
797,1001,2.605156965618592,0.07253874769888544,0.016492060928553168,0.24656321704208498,0.5629756310150126
18,1376,2.397018789272096,0.1096057290515571,0.01647862149817532,0.2344837971087646,0.5751178982539429
255,1484,7.003233913560047,0.12577975257568447,0.01646334961311966,1.1194424237232268,0.42516523798689615
770,147,7.0074391857625,0.09026702600790967,0.016454860036539447,1.11722203620616,0.42529767666606133
757,1472,7.062010161926238,0.13644981907826376,0.016437507246458816,1.12879510339146,0.4465081495088169
298,1118,3.4300711465728884,0.08756022927018985,0.01639886602421073,0.3267392122036341,0.3841427689599918
291,1347,2.376265637422745,0.12056537399312311,0.01638622463429852,0.2230343692140036,0.5702058873025546
69,1234,7.026105543399519,0.12527000201471505,0.016344885985726566,1.1207235798915587,0.46028977400229815
310,1456,3.3088741741572343,0.1046326834172389,0.01634249717207031,0.3197647079618299,0.4444769369285191
570,1603,6.991189616982015,0.14862602602979702,0.01630612326100396,1.1455831374175331,0.44673600399364594
367,1615,7.009267060452764,0.10718144831250569,0.01628083966184962,1.1052721751635612,0.4158654556828861
83,1380,6.982352121724524,0.11746873466629136,0.01624336531755618,1.14028865035461,0.44545888728752636
326,1627,3.300528252721216,0.09416378052702226,0.01622992846976665,0.30798872237014163,0.4606325931949429
333,1529,6.964838537588751,0.09097219598183784,0.016196359396862946,1.128185361684015,0.4224276769486263
387,1027,0.5516366617677273,0.06335980458427352,0.016188637304402547,0.06015834431283269,0.19475250420606924
320,1715,0.9036147022631976,0.09469370240722177,0.01608452084660254,0.0934905810873824,0.3082316153517586
624,1176,7.022264196790536,0.09727019478170998,0.016020518608400314,1.1265958462790207,0.4474887126972704
495,1544,0.925974488344898,0.11086556297596883,0.01594007474587641,0.0901654564606981,0.29122779595324727
371,1018,6.993540613204568,0.09521883152618832,0.01577703284256197,1.1280243224093938,0.44261268213335314
790,1760,7.006037005082248,0.11716899075614302,0.01574070375875702,1.1091442923949748,0.4484406765121457
246,1172,3.397869881568072,0.08588374993054233,0.015724774156132066,0.31254383986368384,0.40834626915641314
825,1515,6.968672477514977,0.14944216231418248,0.015716951973183624,1.1391646660739727,0.4530748038481192
629,1613,0.579315934528685,0.16082397324300715,0.015692979327673284,0.06864171280406822,0.2116144812092477
281,1714,2.794748712834044,0.18118175174557302,0.015657034728163557,0.27179608860597165,0.5626490700064005
706,1510,6.978405462944665,0.09796824310675145,0.01561222203404081,1.1273919258566512,0.4368062281615569
553,1028,0.563956605507542,0.08253161983859764,0.015591714139497444,0.05773606014678426,0.18132107864436456
331,1070,7.019725244979729,0.04977872955077454,0.015538338916436498,1.1263749985838831,0.43192093362929984
372,1241,7.008188557450654,0.13899535765097396,0.015441532031438611,1.138033739829655,0.443832131769017
207,1645,2.528228253990382,0.1297695000973982,0.01543672276510255,0.23822858063782087,0.5816997795603677
539,1498,7.039160900731467,0.13187209628082391,0.015329285642112637,1.109492665531233,0.4606384259000395
178,1059,7.003371650892599,0.10156202272794455,0.015282710258246976,1.1343506998224886,0.4242825685422947
74,1769,2.3947016664004326,0.1250692826541674,0.015258364603447011,0.234301827616987,0.588168439891575
560,1103,2.716530685728904,0.09064203008589551,0.015246583992317066,0.24717243674045072,0.5606248577381715
228,1073,2.5132350091606077,0.0792576132072711,0.015244449938464785,0.23238571717038034,0.559641944049646
787,1381,2.41617727255645,0.08339070270333825,0.015161725160871636,0.22649033294080434,0.5676133201698891
769,1005,6.997207068612157,0.06322590944964265,0.015117752696150488,1.1317198723402302,0.424430864428115
665,1739,2.4346687943807765,0.14662453654031896,0.01510977260567368,0.23681210005409928,0.5865726093451938
459,1157,7.002903141912866,0.062354377149247554,0.015062678140008707,1.119541729411475,0.43391955385615094
54,1374,2.3749006528919536,0.11971850261765814,0.015055319354739144,0.22865107546109043,0.5670528922925755
169,1671,3.411872191446586,0.16621976979089437,0.015055136915883956,0.3209504915748394,0.4017716446666252
143,1601,7.013083024475659,0.09771559341193359,0.01504826550062535,1.1242926630109766,0.4334931224834968
6,163,7.03199271531114,0.06983537867864806,0.015046166807685401,1.1289295945571904,0.42232090619897866
690,1507,2.4438673799631623,0.10853920690690934,0.01503715919677004,0.234421886823293,0.5630956400465379
751,1051,6.981138446345061,0.06786898553692047,0.015035250639806668,1.137576408760317,0.42767127010323974
294,144,2.889578496044208,0.06744309319753797,0.01499262845528457,0.26351247346406215,0.5452503589754202
322,1034,0.19742615393098517,0.06608290694059507,0.014982047615740592,0.02880815881150734,0.09050494064235756
655,1770,0.22196369519976988,0.14357693326799076,0.014979759290246924,0.05145641950102955,0.23583288919411632
497,161,7.012875032655721,0.08820168115215961,0.014907751429307352,1.1379669628574969,0.42413347182094807
24,1144,0.17996813262532935,0.0680877310391321,0.014841213060532332,0.04769535677841769,0.12609534810225898
716,1297,0.8243074228450159,0.1145789263298157,0.014789210229422858,0.09024179091141749,0.2820592714355672
162,1323,0.6852617622823026,0.15290957758352614,0.014756286281806774,0.07041709647193012,0.2384702160880817
774,1011,2.9214873255171256,0.06955832582698805,0.0147229362777433,0.2760044555492843,0.544890640646344
2,127,7.015344743638704,0.10248015547504793,0.014722682023314651,1.1398470025155576,0.41744527098129003
384,129,7.034690754251476,0.08199576051971809,0.014708921666289542,1.1211654765577566,0.4273364128726203
218,1160,6.982025869611945,0.06576539524253129,0.014610150779616313,1.1225468091609285,0.4293146540421099
782,1781,0.42709608964402945,0.08460262068248796,0.014601266354479328,0.062286097060133064,0.1725893365972349
684,1442,1.0128333091589672,0.15281990165834378,0.014577674066608134,0.09826947508681477,0.33506117978516
785,1776,0.26387534274535696,0.11739672479507679,0.014569741502812547,0.04449514574035114,0.16693286604370894
352,1094,6.991928304294731,0.0816794193352021,0.014512797268616665,1.1301276269126115,0.4216655756129961
806,1082,6.972046890680505,0.0662727252296744,0.014507376242498139,1.1185841664596068,0.42039583438228856
713,1247,7.051389973310072,0.12747743097628275,0.014425183935747208,1.1414688774243387,0.4427941495271389
765,1203,7.044370157960199,0.15753265387296073,0.014412171982844932,1.1357997697536082,0.45107196205098504
160,1784,7.0582835752635695,0.1312355711860829,0.014380353185012188,1.1332568212756535,0.4403625820087588
438,1109,7.01424883786949,0.08852165256235307,0.014324530802960908,1.1238186668160757,0.41454753720976223
148,1680,7.0371877124048146,0.08366638098542763,0.014304582381001251,1.1177696670159811,0.43685727893241166
588,1171,0.3082157227342336,0.06727902114616999,0.014299129578069827,0.049523381837709546,0.1400797151699288
506,138,7.017594870642874,0.07204034839432912,0.01429818147142375,1.1156362159508284,0.4297055289753214
745,1287,2.535206545001235,0.09198030924469856,0.01421972591983428,0.2350392988202929,0.5690520859973062
201,165,2.6440063957563407,0.07686503240932348,0.014214128410005644,0.25327312464912466,0.5642317029203562
854,1648,7.030096750839061,0.13056934693889047,0.014107481585820814,1.1312905525778996,0.4267457482321068
625,1549,7.010163080490813,0.1453493740041184,0.014096351347834804,1.121841588508627,0.451700292208541
330,1127,2.4842067757498434,0.061799265926605874,0.014041506484924882,0.2317405373162752,0.5622170062187727
338,1047,3.1443266051811016,0.061475437656961895,0.01400331590677685,0.2971659066195829,0.4982443697980928
567,1547,3.4206706733880003,0.11415507872052132,0.013965601579214053,0.32327476372444947,0.38095940538067147
349,1461,7.052169684010152,0.13889142032087487,0.013951556553670256,1.1042155339732638,0.4558510209207344
27,1654,7.018244394481651,0.08607318701256828,0.013941245427360326,1.1220968410760157,0.43131962956296127
388,1786,7.0386342038373835,0.1550706437795565,0.013931442588144535,1.1329976508572357,0.44760929265392524
569,1763,2.733557502462873,0.09770374477963364,0.013903597511914587,0.25578697056084765,0.5606503895208031
730,151,7.003200851902152,0.07149335944550914,0.013853618107042132,1.122633410281952,0.43649944814489083
654,113,0.7196317995212689,0.07790828023073383,0.013843780625893339,0.07195402945822393,0.22287218403605594
429,155,2.4036189342269876,0.068063791696021,0.013770190678312937,0.22971251201904863,0.5618995683065037
778,1055,7.026997574951885,0.09722565652884352,0.013758594628686636,1.132567829223775,0.4361253175353551
727,1115,7.017414941541258,0.08529619807485567,0.013741450323065976,1.123561884596729,0.4330880672767696
427,1611,7.066944164052909,0.1291374355543825,0.013738257614095183,1.128199112880727,0.4520366613051758
673,1166,2.433670374573042,0.06099862372976093,0.013670842902885977,0.23440617992657944,0.5601321981510368
233,1129,0.39100242256308704,0.08201925168346126,0.013620560092179513,0.055286218596428585,0.18419730444554555
742,1677,2.330355258849359,0.09012281930703213,0.013618104000748471,0.223960456806912,0.5623313288609136
213,107,0.17739069421894302,0.07384286672468733,0.013600383520506699,0.037798380388934294,0.12648020375647587
537,1517,7.00881274434611,0.12682785295838397,0.01358873629775137,1.140574875746778,0.4409524440928355
377,1177,0.4711409617614659,0.07750123819091155,0.013531909431388189,0.050687596577759154,0.16385369550086232
520,1308,6.9991079216230885,0.10290959044179053,0.013522798621780475,1.1280209830577363,0.44168759049973094
97,1284,6.972455941555368,0.10104411729359064,0.013515369424445976,1.129983588289933,0.43639173278250676
405,1726,2.7342313155083877,0.08594627839378022,0.013492497066856736,0.2585183635951551,0.5722152531979372
107,15,6.993048983078047,0.06490682710206333,0.013480066801786988,1.1334638992461596,0.4231724956693374
172,1585,7.003081791333329,0.09539773598313206,0.013374134618230374,1.129781146524457,0.44675109626648396
285,1099,7.004935490889215,0.0636178350985216,0.013368039836786411,1.132194645986857,0.42417849730973783
266,1445,7.02894490386778,0.15039594525259145,0.013325772906017597,1.136298035244772,0.45426340278070615
65,1198,7.012992358258144,0.07241175191883531,0.013320458859354269,1.1285571831080095,0.4323795237146099
879,1114,6.991997662118561,0.07691675359767236,0.01331289069771766,1.1208290161459826,0.42595062074919277
241,116,0.6163850789671016,0.08268843610237434,0.013277250238444565,0.06336797475160334,0.19735087104754168
479,1022,2.4368280888897393,0.07843464189863908,0.013274135113899214,0.23010317840326075,0.5641271524952094
262,1797,3.4492472698163197,0.10556269561823464,0.013272277551325484,0.3204414914455544,0.37110515111256553
423,1062,6.980907560928688,0.08831063602848527,0.013260272114446383,1.1318114594953306,0.43068034356224083
138,1002,0.7472397111652292,0.09116361589416314,0.013233165498678727,0.07925513486808178,0.2647641636119405
59,1630,2.3872649410248266,0.110705784442619,0.013219988557839162,0.23083877420911683,0.5678667431453406
798,1312,6.950499151679626,0.18739401773534714,0.013199451754080514,1.1237798763705318,0.44434140120901355
611,1010,6.9810392627386895,0.07222534444258966,0.013196453839029912,1.1376095851220422,0.4235594330482633
856,1448,6.96195352913635,0.11879894379460008,0.013191982550687476,1.1207995407895732,0.4374544871446731
733,1303,7.020777126188521,0.11154854095612286,0.013079574085380392,1.123831357638574,0.44164833803477355
630,110,1.0710412678987862,0.07337696031685108,0.013014430924100139,0.10397292417970161,0.31845425598779664
791,1128,6.996077467286245,0.06613146122490071,0.012973799870752135,1.1356416976122192,0.4190693703112333
402,1194,7.023733838409072,0.05946594880540556,0.012969880867756302,1.128981614134915,0.42101150435452256
268,1096,6.993517111386873,0.06772890180418951,0.012920989651879555,1.134853146607891,0.4253677841851234
11,1732,7.047627945790628,0.14817380024260862,0.012818861190975164,1.1272237113114445,0.4522731926936212
508,1148,7.007632105806425,0.06220669984824733,0.012794925304532061,1.1235874763892988,0.42219621994727374
676,126,7.006154693802027,0.08642242770983422,0.012574460895182977,1.1345266957457552,0.43553566257344634
9,156,7.011417260690873,0.09054303887197872,0.012570552501673616,1.1270318817090392,0.41666596218715
215,1463,7.00083661866038,0.06981387525931344,0.012532539501873847,1.1167669560709421,0.442320625457636
532,1577,7.0230025091349875,0.10674535281480566,0.012425194504401079,1.1096900318267595,0.4265597429078289
214,100,6.97829738877025,0.08566508303176214,0.012414287264394768,1.1338766483991463,0.4361498989315252
545,105,3.199804717304783,0.0760630141829839,0.012404151358797837,0.30005436582610556,0.4869169259139888
628,1702,0.8543539840697909,0.10476243386244045,0.012336560268445653,0.08843144413393127,0.27070156038748006
814,102,3.281645694858869,0.0648340333848201,0.012284735845123691,0.30118225934453,0.4563285876435838
472,1190,7.001134084298948,0.06011006745614069,0.01226252305517745,1.135801733680242,0.4256886109544024
341,1164,0.6069142125885962,0.08612027896327835,0.012233686236571275,0.06513410431384478,0.20632876451761265
126,1528,3.1938068187173614,0.1218882222808199,0.012133318434504539,0.30248164800162486,0.47933430824035617
839,142,7.0045166254575495,0.07914615381461679,0.012112475359436327,1.1202298520454221,0.42922172719337875
875,1754,2.593631380561578,0.1042956861033226,0.012093320269564337,0.24034805534707324,0.5665776516757631
319,130,2.735372942828505,0.09288281586028034,0.011985224654073253,0.2531855986124868,0.5547889703512913
874,1093,7.015558261167538,0.0794132175676278,0.011956381780723823,1.1203596037242602,0.4393775650264135
33,11,2.9006678982923186,0.0845999714657758,0.011881631316325959,0.2747677435161752,0.5440620268207357
491,1125,2.5024476248966034,0.05470042386464611,0.011870968106876089,0.24051999130809107,0.5585680170947275
517,1273,6.955072203322302,0.14289326994582827,0.011835912927798682,1.119140251049751,0.4455415151929491
244,1132,7.005718572221837,0.09566879156696602,0.011830585065280168,1.138619479803457,0.41552911353242683
647,1080,0.9646890829534093,0.07978760745173707,0.011704839824546993,0.09828741584549935,0.30513964741247923
744,1151,6.9921611734949884,0.06854208382075035,0.011673172159773091,1.1275977663467835,0.4296482061103197
82,1126,7.036714105513613,0.07253690761134989,0.01165452784529332,1.1286539951674006,0.4306533106754992
385,1519,2.948260502353586,0.11441054272924271,0.011613647309564849,0.2790474650867776,0.5429007611771804
476,1086,6.989205219729131,0.06657141073447481,0.011596017195778926,1.1293462437717028,0.42097162138554517
858,1173,2.5508134126828828,0.0592122096686042,0.0115528245038717,0.24127099142515576,0.5648018348816425
44,1089,2.441682669726535,0.04823043123347071,0.011518404169170274,0.22663926810466986,0.5560310896702001
692,1053,2.4467685089902056,0.062257621732796566,0.011518154386535086,0.23032909826368622,0.5653608307517567
442,1556,0.18761192814756003,0.14094817769998713,0.011507335379687305,0.039707660012604715,0.1825004340707627
592,1584,2.586255980374817,0.10584835012530233,0.011500621784082076,0.2404926831678392,0.5697989135162208
176,1105,6.98467046220598,0.07827723593477719,0.011481234917241382,1.1383354104515517,0.4352310622317468
605,1199,0.29940774610524157,0.06590947428874681,0.011466379078232686,0.04389030789590977,0.1348965272552944
821,1023,7.023488140518627,0.07742322010597287,0.011439533743418951,1.1333000904101684,0.42238339457456303
536,1012,2.9438910010161052,0.0860250533221582,0.011400862262090868,0.27569406446562633,0.5408113541089961
464,1618,6.989638641199095,0.1261345824575475,0.011386378870094362,1.1405826934273633,0.44260407364719906
847,1088,7.030245996921323,0.06625321841789986,0.011379243801927614,1.1171795841311385,0.4364344415366805
523,1123,6.99770172903096,0.054098665561135524,0.011353701179965621,1.1409191239362946,0.4304368138803959
748,1196,2.761540399260481,0.08514333295167101,0.011293944047360113,0.2575008561261095,0.5535842451176485
20,1156,2.631567869303273,0.05836683622993241,0.011225166243131362,0.2496645346999874,0.5602463297436907
853,1499,2.9137450587570215,0.15667372262591192,0.011156546681248599,0.2734142818253878,0.5450352687300838
217,1771,6.9872067414128125,0.15094179321741447,0.01109616335406508,1.1259767282199578,0.457543294648599
175,1259,2.4097038863478066,0.12639883887557676,0.011063184703972571,0.23193358000247546,0.5824531950544756
518,1137,2.7193292315043127,0.06661192064133376,0.011032688323903313,0.25966483093236775,0.5550370841019544
271,1046,0.6422047552798306,0.07428334240983328,0.010919772197631733,0.06480062061236697,0.20545296257073475
68,152,0.4023162987945793,0.0895187641237513,0.010914187108302182,0.04800625745704818,0.14118283298952233
173,1691,0.2270439265000391,0.09343493068113638,0.010903611524255157,0.05012796691452323,0.1644909430168138
644,1202,0.8132116417556985,0.1356572860117016,0.010870710038652802,0.08527346956500184,0.2636425747826337
216,170,7.024948284118917,0.08315711656422989,0.010867334019199973,1.1319660662344626,0.4282524832237394
189,171,0.3846250902082563,0.0850171689713915,0.010866532923225938,0.051522753887443554,0.19264771259364247
428,1158,2.7412251938748686,0.049071090246671216,0.010827658943494717,0.26023154181875835,0.5551169239999549
777,1467,0.5897511949918116,0.16823143782244723,0.010823894885320252,0.06226164492005046,0.20587590526403077
75,1396,7.049735396272745,0.10374863022624423,0.01074848185217207,1.1016188604973438,0.44053105246284086
612,153,7.015988475502085,0.06410411262782262,0.010692918617761697,1.1310857416792792,0.42459299547763374
259,121,7.034892023641759,0.05747356479894353,0.0105897252406302,1.1262752222214618,0.4283817197600566
58,1598,2.571548186474259,0.08480044470275587,0.010519244747006107,0.24330207264782597,0.568594959227273
43,1551,0.45587962187347403,0.12605887212736958,0.010507837280671152,0.05734920689372799,0.18290566907932826
795,1019,6.989820746758833,0.08089961347084682,0.01050267470974078,1.13694958562476,0.433822111008203
482,168,0.3637465875920385,0.0626200054116954,0.010502400194478019,0.04590817943687197,0.14963500259155327
794,1634,7.016550363511525,0.09468003809582651,0.010484402956211296,1.1416051400787997,0.4359547107210059
85,1405,0.18062964266370443,0.1210389494808211,0.010475933398618385,0.037465197822497465,0.18624332980623406
32,1020,0.603851007506672,0.07437461118836379,0.010427999134455834,0.06056597451735958,0.20765475950028073
61,1605,2.6228967524212816,0.09544094040958917,0.01038577835472842,0.24730924881795668,0.5604618646547695
435,1506,3.2595539851264688,0.09608865393038296,0.010333280002000749,0.3061434143940617,0.456393711436095
700,1044,2.4756946817987098,0.05384533055060931,0.010301239241095607,0.22820632242232883,0.5573986043519488
485,1119,0.6611010007467858,0.09090463312389131,0.010293756118989457,0.06958387778331565,0.23703416983325373
258,1309,3.226825885857155,0.1523614088293173,0.010282080307372599,0.3014833035685985,0.4760520482097476
789,1179,3.424059864982652,0.06662360380940978,0.010238621060612465,0.3251592224174118,0.3745298570096104
206,1081,3.272486879617804,0.06913199155374151,0.010172013349376875,0.3062882517367831,0.45007167421583605
446,1625,3.4683903790806556,0.1791636214878416,0.010162516616259215,0.3249344496568711,0.3571590492498129
407,1072,7.029207211117445,0.059369615817471466,0.010135214428043065,1.123700186021188,0.42623273389549005
347,1471,7.046054495033837,0.14996643599157203,0.010124336747459503,1.1377381349125206,0.44221208326944494
489,125,1.001122728979605,0.07522975924354353,0.010031554176903603,0.09628245013670389,0.29857151201443594
390,111,7.042796410532315,0.08655542890569899,0.010007667843460837,1.1311273385782823,0.42217202103326684
168,1050,2.4700274204828334,0.08707581437896163,0.009952526964744279,0.22857815054961997,0.5644337560980354
473,1130,2.8676631636333636,0.06188437458752853,0.009886244491520618,0.2656525739848172,0.5443381554497168
859,1406,2.799596091504648,0.12290603482958054,0.009742480706273843,0.2644512082363385,0.5562796516526858
805,117,6.994324050489856,0.0844622976994806,0.00969395950868735,1.1328120976364546,0.4239335022484884
409,1061,0.17397943730217055,0.06784183174409397,0.009685591931143543,0.03355419621244998,0.09259270195940668
780,112,7.017089133303567,0.05724708342554528,0.009567080435301892,1.127583291925555,0.4235481774156835
243,1091,7.010795416870085,0.06308647614620234,0.009561651092128075,1.1306055283885093,0.4265754436399006
174,122,0.754926039472135,0.08272160965691829,0.00951627206436796,0.07648406400178162,0.25448926464233323
42,10,1.0587938287666077,0.07509797297913112,0.009498054990314655,0.10111366029790839,0.31934980413224967
758,1006,7.031422058440975,0.07781128627106951,0.009495996843908363,1.127663900834476,0.43114305358795424
741,157,7.009321456115969,0.06383594105010867,0.009485350198884206,1.1368738014101056,0.4266257228857861
760,16,2.5388847310553704,0.07629498658908483,0.009419074170102022,0.24185810348786213,0.5638694964617383
421,1299,2.6853412249191195,0.15850399817150324,0.009417756367880115,0.2511078672192329,0.5647320577049454
883,1708,3.3868471310259087,0.11733572625747232,0.009371177787452084,0.3164870477527944,0.4110702984127075
614,1321,7.002500837286589,0.13039411749706295,0.009321897206375954,1.1234263957194788,0.45622375145401595
846,1049,3.329226541267787,0.07339151569920593,0.009313120878371271,0.308378722078209,0.4320545889669374
850,1583,2.377003647628995,0.12371703576271655,0.009311703938676537,0.22315890146092246,0.5590337904942764
395,1189,0.3526004663911576,0.06967765048411709,0.009187160577166394,0.04726364581775906,0.14997021697133187
603,1660,7.025703557550163,0.12272756966749936,0.009130186254579398,1.1297472870050986,0.4393811606185167
129,172,7.007628289649287,0.05710034004087678,0.009129630949823163,1.1363644244644082,0.42135196927127727
301,1146,6.996952934438859,0.08373741362593778,0.009083273596752222,1.1212183922876677,0.43636796337989225
159,137,7.003130806152142,0.05082301717715281,0.009050361692198163,1.1266257925426264,0.4200906102840781
564,1079,7.0031712822345265,0.09371024389631027,0.009017965122246816,1.133438353732254,0.43054560505423145
656,1102,7.0116407901267666,0.05948643419092455,0.009010960555423138,1.1254000388363685,0.42106188920530047
715,1108,2.701154254206986,0.0599459744025382,0.00901063131088535,0.25281335426048557,0.5585854615212055
329,1042,0.1983461293982845,0.07492869623029469,0.008883654610077348,0.03839162332356511,0.13218920785188398
776,1065,7.007322100039031,0.07014728222357973,0.008844034935026317,1.1217610619945737,0.4219145981772856
274,106,0.25285496374311733,0.05944235384185223,0.008798408070112335,0.033918283783330685,0.12838275320727124
381,1104,0.7001750085118152,0.0757830704302802,0.008765010380948552,0.0719869281482666,0.2239241997707112
78,1476,6.996084175302746,0.09851968289394775,0.008695393908643352,1.1426806678020898,0.42750535673058776
466,1337,7.0140103914316185,0.12824556344785265,0.008606590354965511,1.144616963238982,0.43569881149034834
554,1168,0.18219532377800762,0.061633270344781534,0.00854831768897992,0.0285986094558033,0.10349819616501277
134,1017,1.0495381263122923,0.07033247824494998,0.00843585695291074,0.10093869698639052,0.3127589833305873
156,1531,7.0158542324461575,0.09965048793478223,0.008361413506344955,1.1402030930460882,0.435978753331652
365,1138,2.964058918104037,0.09424195366474669,0.008221264655615181,0.2776152124324659,0.532390857357948
210,1045,2.67576265088958,0.06969540860631772,0.008195862343701668,0.24933243172040803,0.5562658139725236
424,1607,0.5130174293210285,0.1135867363406863,0.008153144651731942,0.061651442803244624,0.21531183734358741
597,1536,7.00676493997157,0.09455772403349257,0.008082333926543887,1.1074442901833204,0.43067664355086943
572,1404,3.450250058961832,0.15009354321515261,0.007951642957577375,0.32028175318521523,0.37067610267648676
186,1185,6.99496652322752,0.05821249598089385,0.007916790183451993,1.1370442537694252,0.4200160247107095
200,162,7.014491439601428,0.05631101373579032,0.007868765978700303,1.1370267649579022,0.425309200920158
799,1039,7.00898081754572,0.0986360928087734,0.007800954218734135,1.1321158019230366,0.42336060036965645
242,1570,7.005518723623492,0.1024186525657312,0.007794683209640499,1.1134789605746056,0.43864942534368123
287,101,2.497522321924436,0.0659348925597076,0.0077709643003674575,0.23739413124644912,0.5602147922441112
524,1149,3.3092504875729256,0.06382810924246322,0.007707147590421468,0.3139223702292235,0.4331854919814604
57,1150,0.3221370637333928,0.05472952985019449,0.007706094204415934,0.0388790629663261,0.11912623639716685
192,1058,7.0288672606488,0.054175866645523714,0.007607838008970706,1.1169908073850947,0.429435473203499
253,1213,7.0191068217796,0.10449178881261813,0.007568224584877409,1.1115760959700438,0.4252673112234225
313,1054,7.0030906550623016,0.0851491948638374,0.007488830667633311,1.1364044142063388,0.433143901822838
209,143,7.0122327133252895,0.08291973636842882,0.007460503169913065,1.1176850696156735,0.43084610591967265
493,1075,7.015328325673661,0.08635627088666563,0.007435327476653165,1.124555069055415,0.43395591002842543
13,1388,2.7656969083901,0.09919236738612153,0.007425721429591729,0.262045714665587,0.5571524057108973
40,1030,3.3307804662247746,0.05391119036642181,0.007238583953441902,0.317334048282656,0.421898299962841
434,1153,7.014699914351727,0.07287988823067891,0.007234010498409643,1.1340411473916934,0.41964269633346124
208,1036,0.6440876230648582,0.07857025803841403,0.007132354224080237,0.06473054464344677,0.209023781489872
284,1155,2.41182791437351,0.06911927516492944,0.006909467501319468,0.2249700899330934,0.5585037563096648
578,166,2.536641775140957,0.060048499156271896,0.006779511978540399,0.23729282523312392,0.5596272755199306
35,1159,2.6465131330909544,0.06950230714653288,0.0067483558184941415,0.24631573019263087,0.5623941316984963
64,1117,7.025086608948576,0.09435196136128642,0.006701695767660893,1.127343915071651,0.43010711525525014
471,1107,3.3181561136130635,0.06077848701658469,0.0065968370775072675,0.3060346947379691,0.43594166441273874
454,1060,7.0233095981470175,0.0471060488655582,0.006565352816222785,1.1200463192070058,0.42569256421267687
318,1579,2.3988177437225575,0.15410398380644943,0.006467165879429602,0.22698239637723228,0.5764472982267306
488,1043,2.576258561198419,0.06562684487154474,0.006376054817611501,0.2402917324087375,0.5644895687474297
801,167,2.4765760449161047,0.056689810303526184,0.006366285275947889,0.2301296861659665,0.5584151785317198
222,1751,7.024793584506387,0.09470527263499591,0.006363245831369654,1.1194043506451146,0.43932948244699316
225,1033,2.4077299834558916,0.06323352475308804,0.006331819639555352,0.22293606624342246,0.5545945070785745
642,175,0.432786909049913,0.0812592198672967,0.006196104558609263,0.04396934979425549,0.1735912877866583
135,1021,7.01527068195736,0.08526414614091904,0.006154880815342725,1.122585819402715,0.43504778351643225
653,158,7.020610292253425,0.06418719040970981,0.006130899731930626,1.1245946360780847,0.4170156097267666
696,1031,7.03107789707342,0.0660976383421732,0.0061193572276146795,1.1334091148806913,0.4241577564880093
693,1014,2.4835223310618515,0.04601565277169038,0.005983895929139876,0.23128292276721701,0.5604820203463228
521,1169,3.4674639752889025,0.08605872279562032,0.005920316539340605,0.32188779565416403,0.35143165102238455
302,1375,7.02969629187376,0.1861595650527386,0.005914400383891528,1.113387932698565,0.4996720258700426
608,1087,2.444550108603292,0.08915179315870754,0.005868904319521163,0.22782318161403192,0.5654036122763728
584,1350,0.8966055330102023,0.15035438617626143,0.005849368876941071,0.08781438649855464,0.29079390281683715
94,1143,7.006508485522257,0.05153121911911434,0.005758600857832532,1.1343585187955814,0.42222272436455277
815,12,6.997571562415414,0.08860046151679,0.005632598904392246,1.1349641618122581,0.41888648910765214
26,1056,7.038971298541433,0.07167616468427236,0.005577781952046093,1.125757973947988,0.42255069099654186
101,1085,0.29765346159800693,0.06771269181424208,0.005519223371510696,0.03559354541525655,0.14213264913946275
179,115,2.6640673258380367,0.060845823345197336,0.005467052043360988,0.24830093193320957,0.5581236721827662
124,1178,7.002414125176198,0.06185385270132204,0.005294979803018933,1.1336194432610818,0.4271477251972767
678,1111,6.9993946963071805,0.07749213850455369,0.005270213200411791,1.1312760957163455,0.42812274350921087
557,1167,0.4101235392237663,0.06132269067845713,0.005170644694510106,0.041707992936965435,0.1429598383191735
779,1074,0.6859894395484778,0.08393316626929286,0.005083183810501253,0.06867362201156174,0.21559419374789449
530,174,2.3649510450572886,0.09194009844205293,0.004971103250200313,0.2211361685944659,0.5619788613491745
664,13,2.4144214153932833,0.0620474335218149,0.004714349647504056,0.2256843052467334,0.5579648359777616
304,160,7.0275842817249705,0.06983884568201715,0.004604356425689441,1.128552826272795,0.42558188678615483
498,1780,0.4748501262420077,0.14500964255672785,0.004238205119808239,0.047603942242911854,0.23658148346457228
775,1122,2.442606470134596,0.05958157748455471,0.0018889023702984998,0.22835632513441048,0.5567205859282598
